data_1,data_2,data_3,data_4,data_5,data_6,data_7,data_8
3550,3516,3549,3554,3461,3488,3531,3436
3358,3297,3345,3330,3339,3303,3307,3357
2482,2424,2591,2488,2392,2472,2532,2445
2336,2452,2275,2426,2360,2405,2241,2406
2318,2306,2350,2474,2354,2420,2385,2375
2306,2342,2250,2458,2313,2255,2365,2376
2363,2344,2305,2323,2218,2347,2255,2409
2417,2307,2282,2279,2165,2368,2234,2394
2143,2169,2012,1998,1971,2247,2080,2041
2417,2307,2282,2279,2165,2368,2234,2394
2363,2344,2305,2323,2218,2347,2255,2409
2306,2342,2250,2458,2313,2255,2365,2376
2318,2306,2350,2474,2354,2420,2385,2375
2336,2452,2275,2426,2360,2405,2241,2406
2482,2424,2591,2488,2392,2472,2532,2445
3358,3297,3345,3330,3339,3303,3307,3357
3814,3809,3819,3815,3814,3804,3811,3819
3595,3584,3597,3591,3591,3578,3591,3596
2554,2406,2590,2463,2558,2496,2507,2487
2306,2412,2380,2280,2284,2321,2314,2402
2335,2245,2293,2435,2353,2302,2300,2354
2134,2158,2260,2388,2252,2254,2316,2313
2308,2271,2322,2310,2218,2281,2128,2312
2388,2220,2274,2226,2193,2301,2304,2324
2301,2277,2164,2322,2278,2288,2216,2232
2188,2219,2193,2355,2258,2369,2212,2291
2193,2362,2194,2307,2286,2329,2283,2331
2250,2281,2168,2398,2312,2301,2332,2291
2327,2306,2314,2349,2330,2413,2329,2240
2307,2406,2286,2378,2223,2424,2235,2354
2540,2454,2625,2556,2577,2490,2443,2569
3585,3581,3596,3590,3590,3576,3581,3594
3981,3978,3972,3967,3977,3979,3983,3983
3764,3759,3755,3751,3759,3762,3756,3761
2741,2700,2759,2659,2672,2695,2628,2709
2402,2430,2382,2229,2380,2460,2277,2479
2339,2272,2201,2337,2372,2284,2267,2324
2215,2226,2271,2305,2223,2198,2312,2258
2317,2226,2257,2248,2194,2258,2268,2228
2346,2276,2222,2232,2223,2184,2220,2349
2314,2280,2160,2329,2154,2270,2289,2215
2230,2159,2191,2273,2292,2266,2282,2170
2123,2263,2232,2265,2187,2254,2247,2285
2220,2275,2234,2362,2228,2258,2334,2306
2268,2357,2358,2396,2320,2364,2319,2237
2337,2410,2395,2325,2313,2450,2297,2272
2744,2700,2681,2678,2652,2686,2664,2685
3752,3760,3749,3744,3748,3752,3765,3767
4321,4321,4320,4321,4321,4318,4320,4321
4092,4097,4106,4102,4098,4089,4097,4106
2880,2934,3107,3094,2975,2860,2935,3081
2752,2643,2539,2529,2572,2710,2675,2577
2428,2376,2358,2471,2445,2434,2352,2415
2288,2289,2345,2215,2355,2247,2370,2285
2291,2339,2259,2247,2269,2222,2189,2247
2136,2283,2175,2302,2257,2251,2247,2286
2239,2248,2092,2263,2134,2293,2270,2206
2255,2294,2337,2258,2261,2254,2269,2281
2194,2260,2435,2390,2382,2294,2289,2495
2486,2274,2773,2531,2516,2636,2410,2698
2487,2516,2941,2691,2710,2672,2587,2963
2788,2709,3109,2690,2949,2846,2764,3054
3055,2998,3032,3006,2915,3035,3001,3120
4104,4099,4092,4101,4098,4098,4102,4099
4831,4831,4830,4833,4832,4830,4832,4832
4600,4606,4615,4611,4609,4601,4605,4612
3325,3432,3610,3591,3514,3343,3401,3548
3248,3141,2970,3035,3075,3194,3161,3101
2856,2849,2811,2903,2881,2844,2833,2857
2578,2584,2669,2555,2653,2642,2683,2588
2510,2587,2402,2517,2487,2417,2328,2485
2267,2220,2289,2305,2312,2230,2299,2334
2417,2269,2469,2386,2339,2346,2327,2475
2712,2597,2764,2610,2713,2566,2554,2757
2520,2655,3050,2987,2911,2703,2913,3100
3108,3026,3356,3150,3124,3236,3079,3342
2838,3222,3543,3399,3282,3250,3354,3571
3462,3297,3724,3373,3505,3532,3430,3686
3596,3425,3642,3503,3481,3670,3493,3617
4614,4604,4595,4611,4609,4609,4611,4605
4972,4971,4971,4972,4972,4972,4972,4972
4743,4748,4757,4751,4752,4745,4748,4754
3501,3598,3721,3700,3662,3596,3561,3652
3380,3276,3176,3270,3177,3288,3289,3261
3031,3002,2968,3066,3053,2948,2956,2988
2714,2694,2834,2679,2739,2823,2803,2718
2655,2689,2545,2681,2731,2586,2551,2689
2405,2329,2443,2431,2509,2389,2419,2426
2518,2360,2578,2556,2499,2403,2448,2586
2904,2801,2900,2835,2881,2778,2769,2941
2687,2954,3237,3224,3067,2894,3172,3275
3323,3272,3532,3376,3312,3431,3321,3534
2967,3501,3741,3638,3482,3418,3622,3748
3699,3540,3919,3627,3651,3762,3706,3890
3737,3682,3876,3692,3704,3913,3686,3769
4754,4744,4735,4750,4751,4752,4748,4744
4715,4716,4707,4708,4718,4718,4714,4711
4481,4493,4494,4482,4499,4491,4489,4485
3450,3472,3410,3368,3497,3521,3333,3330
3107,3156,3178,3201,3064,3067,2916,3136
2868,2829,2781,2740,2854,2793,2689,2897
2737,2552,2799,2733,2538,2712,2737,2495
2466,2572,2435,2527,2611,2540,2552,2641
2466,2373,2432,2395,2481,2328,2545,2357
2495,2423,2475,2526,2406,2449,2555,2498
2784,2715,2631,2698,2734,2702,2740,2779
2656,2901,3070,3119,2865,2753,3086,3077
3224,3179,3366,3274,3151,3287,3204,3386
2797,3423,3618,3522,3399,3246,3538,3587
3579,3413,3794,3564,3464,3658,3625,3781
3432,3720,3813,3518,3643,3798,3715,3689
4513,4499,4424,4473,4507,4521,4484,4458
4981,4977,4976,4978,4976,4981,4977,4976
4751,4750,4768,4750,4765,4755,4742,4761
3568,3579,3757,3599,3751,3596,3389,3670
3271,3253,3195,3162,3197,3304,3353,3281
3037,2979,3052,3004,2995,3084,2956,3072
2837,2725,2755,2689,2739,2738,2777,2678
2543,2486,2521,2538,2571,2605,2575,2623
2369,2428,2410,2432,2414,2478,2582,2424
2414,2409,2400,2445,2351,2379,2570,2404
2518,2490,2408,2452,2512,2515,2569,2499
2476,2710,2783,2777,2577,2698,2717,2603
2984,3007,2948,3007,2933,2852,2958,2992
2959,3071,3340,3074,3143,3097,3251,3273
3105,3199,3488,3516,3228,3287,3302,3402
3806,3786,3739,3508,3537,3789,3844,3736
4773,4764,4743,4759,4740,4771,4769,4741
5295,5291,5291,5292,5291,5294,5292,5292
5067,5066,5080,5065,5078,5070,5060,5076
3904,3883,4046,3922,4066,3907,3743,3972
3520,3608,3511,3520,3459,3603,3641,3628
3361,3300,3362,3286,3362,3348,3294,3335
3072,3008,3069,3007,3025,3079,3111,3038
2857,2828,2806,2872,2860,2843,2846,2912
2591,2719,2577,2678,2584,2648,2621,2645
2380,2388,2221,2426,2400,2457,2457,2309
2581,2482,2607,2600,2501,2483,2548,2633
2850,2888,2967,2920,2821,2891,2925,2759
3060,3188,3018,3082,3208,3053,3009,3187
3212,3226,3302,3392,3197,3321,3351,3280
3513,3519,3671,3655,3585,3487,3444,3537
4088,4022,3868,3905,3883,4073,4069,3821
5083,5074,5057,5073,5061,5079,5079,5060
5230,5227,5228,5227,5228,5229,5227,5229
5004,5003,5015,5002,5013,5005,4996,5012
3847,3829,3969,3871,3998,3820,3694,3912
3447,3555,3450,3450,3366,3537,3567,3572
3297,3231,3286,3223,3333,3266,3264,3234
2997,2965,3015,2944,2975,3023,3027,2989
2776,2761,2709,2822,2751,2797,2793,2867
2555,2690,2502,2606,2569,2676,2579,2595
2438,2427,2335,2385,2374,2496,2318,2501
2570,2438,2575,2570,2530,2521,2526,2629
2801,2843,2905,2878,2761,2859,2868,2589
3003,3105,3005,2972,3147,3019,2873,3092
3188,3194,3057,3346,3027,3296,3171,3257
3450,3503,3620,3491,3561,3355,3452,3379
3999,3914,3682,3875,3786,3962,3961,3880
5015,5007,4996,5009,4998,5012,5012,5004
4522,4544,4526,4525,4550,4525,4539,4540
4308,4321,4306,4294,4329,4303,4318,4325
3313,3273,3359,3367,3350,3100,3234,3339
3103,2947,2989,3127,2838,3039,2988,2969
2732,2663,2649,2938,2912,2874,2775,2543
2682,2579,2579,2814,2705,2676,2623,2610
2444,2501,2485,2506,2559,2463,2364,2605
2332,2456,2426,2354,2359,2581,2361,2512
2556,2420,2504,2415,2514,2666,2422,2656
2563,2414,2566,2396,2449,2663,2510,2602
2584,2531,2625,2536,2556,2673,2569,2560
2608,2580,2738,2698,2714,2689,2610,2626
2773,2628,2744,2871,2839,2810,2947,2931
3022,3253,3217,3019,3072,3033,3289,3065
3463,3429,3422,3361,3455,3387,3424,3504
4321,4324,4295,4309,4345,4308,4302,4333
5087,5089,5086,5088,5089,5087,5089,5086
4858,4857,4873,4859,4876,4863,4854,4873
3692,3527,3843,3718,3897,3713,3548,3807
3265,3477,3390,3357,3259,3377,3404,3415
3188,3083,3168,2953,3121,3176,3010,3102
2901,2856,2882,2876,2940,2921,2944,2913
2680,2661,2651,2705,2645,2674,2706,2700
2470,2557,2594,2560,2508,2610,2549,2622
2581,2418,2607,2370,2487,2675,2476,2599
2618,2422,2565,2443,2417,2666,2546,2682
2669,2673,2773,2765,2714,2661,2771,2565
2902,2898,2823,2916,3023,2945,2804,3072
3008,3144,3128,3161,3101,3122,3160,3256
3428,3370,3426,3418,3459,3374,3434,3483
3819,3858,3568,3773,3699,3831,3901,3573
4870,4874,4846,4870,4859,4869,4878,4849
5177,5177,5175,5177,5177,5177,5177,5175
4947,4947,4963,4950,4964,4952,4943,4961
3745,3642,3941,3842,3983,3790,3621,3879
3386,3561,3440,3383,3295,3487,3518,3496
3302,3208,3239,3119,3269,3227,3129,3211
2876,2931,2996,2915,2995,2998,2990,2942
2835,2704,2641,2809,2753,2724,2796,2748
2435,2632,2640,2533,2595,2557,2518,2633
2475,2306,2559,2319,2388,2528,2466,2489
2548,2451,2575,2478,2397,2585,2404,2616
2777,2749,2830,2849,2851,2657,2820,2645
2945,3043,2909,2928,3085,3052,2811,3142
3030,3238,3174,3287,3130,3184,3264,3258
3506,3309,3526,3484,3558,3429,3430,3519
3908,3899,3622,3856,3779,3920,3964,3659
4959,4960,4936,4960,4948,4957,4964,4941
4785,4787,4783,4784,4787,4784,4786,4784
4554,4557,4571,4559,4572,4556,4553,4571
3324,3222,3561,3494,3601,3365,3216,3554
2983,3240,3057,3012,2878,3152,3158,3048
3054,2869,2870,2808,2956,2871,2846,2837
2681,2646,2693,2467,2710,2707,2633,2606
2556,2532,2522,2601,2553,2536,2586,2459
2467,2463,2527,2331,2423,2339,2459,2494
2431,2335,2477,2448,2429,2490,2439,2467
2504,2403,2525,2394,2359,2323,2379,2440
2574,2580,2591,2557,2631,2414,2478,2559
2650,2641,2645,2536,2797,2701,2624,2851
2734,2876,2879,2971,2732,2900,2799,2915
3126,2961,3196,3069,3289,2977,3071,3160
3486,3489,3219,3442,3400,3546,3551,3367
4567,4567,4544,4565,4560,4565,4571,4551
4756,4753,4748,4758,4750,4756,4753,4746
4524,4518,4534,4521,4550,4538,4516,4524
3318,3241,3476,3439,3678,3558,3450,3230
3034,3148,3166,3073,2926,2982,3246,3312
2848,2851,2890,2796,2749,2890,2644,2877
2675,2613,2532,2498,2745,2677,2711,2596
2461,2554,2576,2501,2378,2625,2513,2481
2441,2389,2375,2489,2388,2445,2466,2289
2477,2390,2452,2461,2399,2353,2343,2348
2498,2366,2451,2418,2419,2247,2374,2463
2589,2573,2622,2478,2398,2491,2371,2639
2669,2724,2629,2674,2559,2665,2612,2518
2798,2729,2890,2659,2996,2598,2940,2739
2897,3011,3067,3226,2775,3088,2908,3110
3667,3499,3320,3490,3442,3541,3598,3219
4553,4538,4503,4549,4506,4541,4546,4507
4920,4922,4913,4923,4918,4919,4921,4914
4687,4690,4701,4686,4716,4698,4684,4696
3464,3423,3619,3485,3809,3661,3544,3436
3066,3247,3251,3260,3054,3222,3281,3379
3048,2960,3080,2812,2824,2974,2860,2948
2723,2785,2657,2508,2929,2771,2805,2821
2591,2489,2545,2631,2389,2553,2601,2526
2454,2250,2394,2470,2458,2404,2422,2428
2464,2301,2349,2394,2389,2429,2392,2269
2423,2266,2401,2509,2291,2383,2494,2504
2558,2619,2626,2600,2504,2590,2575,2653
2714,2839,2678,2828,2692,2713,2713,2851
2869,2914,3033,2895,3086,2875,3100,2817
3120,3155,3319,3396,3098,3246,3047,3278
3811,3684,3487,3564,3588,3704,3797,3465
4715,4708,4666,4710,4678,4705,4716,4675
4705,4705,4699,4706,4702,4704,4706,4701
4465,4479,4484,4472,4503,4476,4470,4482
3235,3264,3375,3231,3603,3407,3287,3281
2748,3028,2886,3065,2798,3103,3107,3180
2928,2752,2958,2725,2676,2679,2624,2660
2613,2614,2464,2548,2818,2739,2595,2734
2489,2504,2379,2583,2362,2405,2558,2444
2407,2336,2349,2406,2403,2408,2375,2508
2365,2342,2405,2429,2328,2386,2350,2456
2267,2227,2414,2401,2439,2422,2357,2433
2356,2488,2441,2506,2536,2551,2538,2510
2551,2620,2566,2676,2493,2705,2653,2718
2631,2790,2712,2829,2924,2802,2955,2731
2969,2976,3183,3165,2961,3100,2780,3082
3598,3405,3307,3331,3303,3485,3579,3286
4500,4486,4453,4489,4459,4490,4498,4465
4247,4251,4246,4244,4251,4246,4248,4252
4019,4017,4043,4006,4046,4018,4012,4047
3012,2847,2995,2829,3102,2863,2844,2949
2699,2806,2850,2681,2594,2755,2702,2960
2622,2456,2549,2511,2512,2715,2502,2539
2568,2501,2269,2594,2505,2652,2410,2439
2562,2487,2188,2463,2332,2499,2402,2350
2522,2427,2477,2393,2429,2343,2452,2438
2330,2318,2538,2377,2570,2388,2454,2465
2326,2252,2504,2485,2493,2488,2349,2463
2440,2370,2527,2390,2478,2496,2453,2429
2291,2510,2528,2507,2474,2466,2569,2550
2554,2458,2721,2610,2639,2647,2754,2834
2709,2710,2668,2781,2631,2868,2654,2841
3141,3169,3031,2889,3062,2898,2873,2695
4040,4046,4000,4033,4016,4025,4032,4007
4631,4625,4627,4629,4625,4630,4625,4626
4399,4393,4423,4393,4425,4409,4387,4414
3245,2998,3429,3148,3504,3325,3197,3243
2885,3060,2989,2911,2781,2941,3037,3156
2740,2602,2716,2434,2555,2660,2582,2633
2648,2448,2430,2623,2567,2544,2478,2469
2566,2410,2309,2278,2337,2558,2536,2421
2560,2352,2393,2375,2422,2410,2441,2403
2419,2237,2438,2217,2547,2413,2395,2396
2424,2350,2474,2393,2415,2425,2436,2378
2447,2413,2555,2455,2384,2468,2427,2513
2367,2582,2572,2580,2615,2535,2400,2508
2718,2477,2755,2579,2699,2468,2826,2764
2857,2927,2814,3077,2890,2979,2736,2884
3434,3435,3301,3324,3160,3360,3446,3180
4418,4415,4384,4419,4382,4411,4417,4384
4562,4556,4560,4558,4557,4561,4556,4559
4327,4324,4352,4321,4357,4335,4316,4345
3163,2941,3386,3087,3460,3223,3120,3222
2806,2967,2861,2896,2726,2946,2947,3038
2782,2666,2686,2470,2570,2558,2566,2598
2544,2380,2393,2488,2562,2495,2460,2468
2408,2384,2439,2320,2404,2522,2580,2350
2389,2335,2299,2331,2453,2437,2366,2270
2363,2257,2332,2334,2463,2372,2244,2264
2409,2373,2384,2274,2342,2356,2255,2411
2400,2358,2515,2354,2296,2415,2372,2462
2399,2481,2450,2563,2515,2559,2478,2460
2572,2520,2578,2566,2743,2574,2735,2447
2882,2849,2773,2995,2815,2909,2631,2717
3360,3281,3202,3257,2973,3300,3378,3150
4352,4338,4319,4347,4310,4345,4345,4320
4043,4039,4052,4029,4043,4045,4037,4057
3810,3815,3854,3783,3847,3811,3796,3855
2793,2686,2988,2647,2988,2698,2663,2877
2561,2481,2428,2512,2574,2680,2474,2517
2620,2368,2417,2335,2349,2312,2465,2201
2373,2269,2429,2263,2337,2465,2523,2264
2352,2382,2450,2258,2398,2496,2489,2336
2334,2405,2297,2368,2418,2421,2269,2287
2312,2311,2305,2325,2381,2424,2201,2287
2346,2263,2493,2370,2291,2363,2246,2353
2323,2228,2423,2318,2205,2386,2294,2320
2331,2286,2376,2339,2325,2455,2365,2189
2427,2357,2419,2464,2497,2573,2450,2387
2533,2531,2506,2472,2545,2647,2284,2585
2865,2887,2820,2702,2639,2804,2883,2944
3837,3818,3819,3820,3800,3837,3825,3823
4211,4208,4215,4213,4210,4215,4206,4210
3990,3961,4009,3971,4001,4005,3958,4000
2881,2689,2984,2815,3055,3026,2676,2782
2639,2611,2621,2609,2492,2550,2597,2832
2557,2542,2456,2324,2201,2426,2372,2373
2459,2397,2353,2365,2267,2425,2525,2357
2345,2247,2332,2317,2347,2496,2365,2243
2308,2253,2334,2335,2292,2456,2359,2169
2278,2298,2332,2351,2342,2257,2342,2251
2177,2314,2380,2336,2355,2361,2326,2266
2226,2341,2404,2320,2297,2382,2314,2282
2402,2461,2392,2257,2312,2426,2379,2348
2288,2480,2500,2531,2418,2479,2491,2683
2499,2498,2577,2531,2650,2584,2340,2652
2853,3067,2873,2994,2609,2839,3106,2893
3987,4000,3976,4006,3967,3983,4002,3970
4254,4249,4252,4253,4251,4255,4250,4249
4028,4007,4049,4016,4046,4044,4004,4039
2881,2613,3045,2877,3138,3052,2798,2805
2662,2644,2615,2516,2492,2593,2649,2869
2582,2633,2515,2310,2417,2359,2411,2280
2482,2436,2290,2272,2347,2322,2416,2328
2391,2338,2347,2340,2385,2361,2362,2214
2361,2269,2401,2353,2245,2413,2343,2221
2315,2206,2427,2383,2315,2296,2340,2327
2318,2314,2391,2346,2283,2372,2270,2311
2396,2335,2446,2292,2302,2398,2342,2296
2332,2522,2347,2338,2264,2359,2452,2373
2363,2523,2519,2535,2405,2483,2524,2652
2643,2528,2555,2547,2683,2551,2381,2569
2933,3053,2802,3040,2675,2954,3141,2902
4036,4039,4014,4049,4010,4033,4045,4009
3890,3894,3903,3887,3895,3892,3887,3895
3655,3655,3702,3654,3692,3671,3640,3687
2471,2525,2870,2658,2835,2601,2548,2655
2499,2278,2399,2261,2460,2457,2455,2549
2487,2427,2355,2229,2396,2397,2462,2269
2544,2349,2260,2215,2365,2322,2407,2271
2351,2313,2268,2304,2462,2295,2345,2318
2368,2403,2351,2371,2310,2309,2219,2248
2347,2353,2352,2417,2381,2285,2243,2288
2358,2296,2352,2392,2322,2360,2345,2315
2369,2326,2292,2334,2257,2397,2336,2394
2294,2364,2333,2385,2287,2424,2343,2385
2410,2273,2403,2412,2438,2439,2410,2405
2418,2394,2422,2301,2455,2538,2287,2320
2674,2690,2439,2554,2631,2776,2820,2564
3681,3681,3662,3672,3657,3680,3685,3655
3768,3756,3734,3754,3741,3737,3735,3734
3548,3506,3541,3511,3531,3533,3482,3537
2503,2370,2704,2421,2647,2745,2391,2726
2339,2476,2475,2272,2410,2313,2289,2437
2302,2397,2422,2417,2412,2263,2476,2273
2437,2222,2320,2242,2427,2374,2434,2251
2323,2337,2283,2372,2394,2355,2396,2367
2350,2424,2366,2393,2400,2350,2157,2307
2288,2390,2352,2432,2407,2347,2241,2098
2261,2276,2286,2322,2328,2402,2297,2275
2251,2282,2245,2287,2259,2377,2320,2334
2363,2270,2323,2389,2399,2440,2351,2363
2325,2407,2398,2435,2468,2489,2274,2398
2596,2475,2370,2331,2436,2417,2372,2500
2639,2715,2539,2638,2560,2454,2753,2657
3532,3554,3495,3553,3496,3495,3542,3496
4094,3929,3877,3927,3938,3895,3982,3930
3851,3688,3683,3682,3738,3692,3703,3721
2632,2463,2813,2608,2827,2823,2685,2500
2516,2565,2523,2357,2381,2347,2580,2623
2319,2436,2401,2439,2430,2415,2507,2420
2399,2225,2352,2327,2284,2362,2370,2213
2330,2375,2309,2333,2385,2285,2382,2362
2227,2375,2385,2361,2276,2304,2306,2333
2245,2380,2329,2368,2277,2333,2282,2217
2273,2318,2247,2366,2187,2379,2280,2278
2232,2285,2294,2302,2240,2341,2225,2242
2286,2286,2280,2355,2461,2359,2221,2381
2324,2430,2468,2489,2478,2436,2305,2453
2611,2464,2362,2488,2462,2405,2463,2470
2862,2736,2565,2751,2595,2708,2857,2739
3885,3720,3619,3728,3694,3666,3778,3678
4208,3722,3839,3761,3746,3719,4070,3872
3948,3493,3654,3534,3554,3482,3884,3653
2697,2636,2890,2601,2730,2559,2872,2900
2497,2431,2466,2426,2378,2527,2672,2538
2570,2373,2441,2415,2343,2377,2491,2421
2418,2269,2332,2335,2347,2333,2467,2361
2400,2359,2282,2362,2350,2316,2385,2315
2329,2337,2354,2416,2187,2333,2313,2233
2386,2324,2311,2277,2170,2480,2301,2235
2322,2326,2265,2238,2320,2432,2302,2313
2396,2272,2281,2343,2312,2356,2392,2313
2427,2283,2295,2317,2368,2278,2239,2344
2396,2266,2348,2414,2407,2316,2446,2366
2517,2375,2532,2527,2309,2451,2494,2361
3093,2630,2599,2568,2501,2704,2841,2836
4013,3501,3584,3544,3501,3525,3813,3652
4091,3567,3748,3756,3682,3672,3983,3847
3834,3300,3570,3546,3479,3434,3814,3656
2654,2580,2739,2733,2580,2622,2886,2898
2437,2338,2380,2451,2430,2394,2438,2429
2597,2350,2361,2433,2349,2324,2422,2343
2400,2375,2271,2230,2359,2256,2382,2379
2367,2333,2260,2389,2365,2273,2375,2403
2346,2230,2272,2356,2147,2361,2289,2368
2438,2318,2230,2333,2089,2474,2300,2367
2377,2293,2362,2324,2296,2435,2361,2408
2418,2290,2254,2209,2216,2345,2393,2350
2501,2395,2222,2351,2429,2275,2269,2334
2308,2321,2390,2428,2471,2405,2398,2449
2489,2424,2540,2538,2499,2525,2469,2449
3047,2580,2591,2535,2507,2635,2656,2871
3897,3382,3462,3530,3423,3487,3708,3633
3770,3743,3717,3841,3698,3777,3718,3830
3540,3484,3518,3625,3503,3560,3540,3610
2575,2533,2622,2641,2613,2620,2755,2504
2410,2397,2275,2494,2331,2388,2473,2516
2420,2316,2290,2415,2343,2315,2393,2339
2270,2254,2353,2309,2342,2258,2296,2427
2342,2318,2352,2251,2297,2276,2360,2395
2306,2282,2343,2309,2287,2420,2382,2324
2387,2319,2206,2278,2321,2407,2324,2322
2308,2174,2290,2312,2329,2357,2327,2225
2366,2338,2372,2209,2364,2292,2368,2287
2367,2435,2373,2358,2399,2325,2334,2190
2263,2374,2300,2435,2439,2382,2326,2388
2375,2460,2452,2551,2397,2434,2399,2359
2630,2610,2469,2563,2260,2688,2722,2658
3561,3545,3464,3614,3446,3569,3496,3599
3585,3745,3763,3692,3675,3735,3525,3643
3337,3494,3567,3452,3486,3510,3329,3422
2655,2639,2657,2539,2716,2554,2646,2594
2394,2494,2278,2457,2218,2408,2497,2589
2344,2289,2274,2329,2338,2412,2453,2392
2364,2305,2369,2365,2320,2293,2405,2399
2291,2247,2432,2331,2245,2304,2288,2377
2303,2250,2437,2330,2328,2324,2381,2177
2358,2168,2332,2270,2402,2294,2373,2133
2271,2216,2331,2348,2421,2381,2304,2238
2354,2312,2387,2227,2442,2225,2345,2257
2303,2324,2404,2287,2373,2342,2337,2310
2332,2290,2299,2401,2387,2366,2397,2379
2365,2465,2404,2387,2325,2406,2235,2452
2765,2654,2498,2538,2455,2682,2562,2496
3417,3526,3505,3486,3423,3528,3336,3402
3598,3540,3654,3447,3292,3419,3519,3349
3314,3311,3462,3238,3109,3198,3343,3170
2619,2680,2589,2453,2477,2489,2578,2651
2367,2449,2439,2318,2248,2386,2475,2499
2355,2280,2316,2242,2196,2414,2478,2269
2323,2331,2323,2381,2218,2271,2431,2291
2264,2370,2356,2410,2200,2239,2308,2266
2312,2284,2425,2312,2277,2343,2321,2272
2353,2095,2414,2282,2371,2352,2359,2211
2338,2242,2301,2343,2391,2339,2267,2213
2363,2239,2334,2206,2421,2373,2317,2244
2392,2278,2351,2366,2313,2359,2371,2329
2380,2272,2334,2468,2380,2291,2378,2325
2549,2490,2461,2554,2519,2384,2396,2454
2636,2626,2497,2529,2648,2487,2666,2660
3394,3311,3395,3242,3062,3218,3283,3140
3638,3590,3654,3476,3547,3616,3566,3555
3388,3344,3467,3261,3348,3369,3340,3328
2457,2488,2679,2551,2471,2472,2480,2616
2329,2325,2486,2339,2339,2417,2431,2377
2251,2353,2334,2312,2134,2358,2404,2302
2207,2336,2360,2351,2178,2193,2484,2371
2247,2330,2358,2365,2228,2247,2364,2292
2214,2251,2267,2336,2261,2344,2362,2234
2355,2246,2291,2332,2315,2347,2321,2327
2339,2213,2328,2259,2328,2337,2331,2319
2266,2216,2434,2295,2387,2360,2337,2274
2273,2308,2390,2303,2402,2441,2407,2327
2450,2333,2344,2368,2315,2327,2304,2258
2495,2496,2421,2563,2487,2430,2365,2316
2450,2570,2562,2520,2517,2430,2641,2596
3434,3378,3376,3238,3291,3407,3351,3329
3575,3493,3516,3383,3496,3558,3548,3579
3341,3248,3304,3183,3282,3311,3329,3370
2460,2433,2546,2462,2518,2481,2416,2508
2342,2372,2353,2223,2364,2494,2341,2342
2326,2375,2401,2271,2344,2363,2392,2301
2377,2372,2326,2231,2276,2230,2413,2368
2344,2274,2356,2263,2206,2257,2257,2255
2301,2295,2281,2233,2237,2318,2260,2052
2243,2209,2313,2256,2325,2335,2152,2255
2312,2189,2386,2243,2274,2322,2197,2362
2307,2257,2402,2277,2285,2277,2239,2222
2398,2188,2296,2323,2432,2414,2295,2306
2402,2381,2356,2339,2394,2364,2304,2223
2393,2530,2363,2378,2341,2332,2385,2422
2488,2431,2403,2468,2458,2530,2535,2481
3367,3285,3289,3200,3281,3355,3309,3338
3636,3625,3618,3560,3615,3626,3593,3633
3420,3382,3409,3333,3411,3401,3376,3410
2497,2406,2462,2515,2622,2515,2546,2499
2355,2226,2375,2307,2375,2480,2417,2479
2278,2335,2201,2332,2373,2393,2294,2333
2370,2285,2370,2299,2337,2269,2350,2352
2353,2250,2387,2261,2228,2369,2200,2299
2337,2334,2348,2323,2341,2338,2256,2267
2366,2255,2359,2233,2308,2258,2260,2339
2270,2310,2375,2339,2284,2230,2235,2402
2284,2298,2233,2339,2314,2226,2236,2309
2269,2277,2234,2341,2276,2269,2267,2328
2350,2357,2352,2320,2341,2397,2374,2243
2363,2515,2311,2304,2326,2406,2405,2396
2675,2484,2433,2427,2405,2484,2319,2481
3451,3401,3377,3357,3380,3403,3358,3410
3721,3669,3666,3564,3651,3686,3675,3639
3478,3431,3460,3338,3439,3458,3537,3419
2416,2423,2641,2476,2645,2519,2784,2559
2455,2396,2506,2442,2350,2451,2419,2494
2325,2265,2289,2312,2240,2364,2300,2372
2308,2344,2330,2191,2368,2332,2331,2379
2322,2349,2364,2192,2350,2358,2267,2288
2298,2329,2311,2253,2304,2356,2263,2239
2351,2275,2341,2312,2305,2365,2266,2318
2235,2280,2346,2305,2279,2264,2260,2354
2291,2329,2319,2308,2328,2285,2337,2324
2282,2312,2354,2293,2268,2346,2395,2240
2315,2301,2338,2254,2265,2435,2366,2126
2267,2438,2358,2379,2301,2392,2416,2351
2798,2562,2378,2400,2373,2629,2506,2512
3520,3455,3426,3338,3427,3483,3410,3417
3642,3568,3487,3407,3636,3617,3680,3622
3384,3343,3293,3194,3424,3367,3544,3402
2452,2349,2691,2420,2477,2458,2774,2602
2362,2363,2406,2358,2367,2375,2476,2370
2346,2271,2402,2364,2265,2273,2251,2365
2313,2253,2326,2269,2384,2131,2319,2356
2288,2205,2236,2222,2285,2287,2274,2417
2351,2243,2250,2301,2316,2249,2362,2268
2305,2155,2223,2309,2266,2184,2318,2356
2336,2275,2197,2286,2352,2327,2219,2380
2243,2391,2302,2238,2281,2279,2369,2364
2339,2343,2274,2329,2204,2267,2394,2287
2405,2344,2214,2376,2209,2388,2362,2220
2381,2424,2258,2400,2224,2450,2381,2253
2756,2651,2375,2548,2498,2663,2628,2526
3459,3344,3232,3194,3405,3429,3385,3397
3505,3321,3398,3326,3500,3418,3429,3383
3254,3063,3218,3127,3286,3170,3309,3149
2406,2453,2566,2446,2525,2364,2550,2513
2267,2419,2248,2277,2334,2377,2350,2238
2296,2415,2297,2280,2267,2249,2294,2299
2269,2390,2282,2276,2388,2345,2426,2368
2215,2367,2315,2224,2319,2297,2354,2344
2326,2293,2228,2128,2346,2317,2354,2301
2273,2237,2191,2242,2237,2268,2367,2352
2292,2318,2293,2358,2299,2346,2300,2329
2352,2336,2260,2265,2221,2345,2307,2383
2424,2248,2280,2307,2225,2327,2248,2258
2461,2372,2321,2393,2272,2331,2240,2328
2445,2450,2305,2360,2347,2269,2344,2263
2516,2522,2363,2434,2328,2485,2518,2438
3313,3148,3129,3149,3260,3226,3090,3174
3495,3363,3441,3305,3471,3398,3445,3383
3271,3133,3259,3089,3279,3164,3265,3156
2492,2462,2584,2486,2404,2368,2458,2536
2367,2418,2397,2306,2412,2246,2316,2376
2313,2317,2336,2302,2409,2411,2345,2350
2268,2356,2217,2342,2380,2335,2393,2399
2406,2432,2357,2138,2365,2297,2327,2332
2357,2353,2293,2219,2351,2266,2305,2259
2251,2253,2295,2225,2169,2266,2350,2246
2327,2192,2371,2276,2210,2232,2376,2299
2354,2340,2324,2382,2306,2313,2412,2323
2439,2296,2339,2317,2412,2353,2338,2251
2471,2352,2368,2360,2344,2317,2458,2337
2443,2442,2358,2425,2321,2396,2458,2386
2566,2509,2400,2459,2414,2396,2577,2567
3277,3131,3187,3085,3220,3195,3203,3162
3439,3357,3338,3347,3480,3402,3482,3357
3164,3146,3142,3148,3283,3182,3278,3159
2439,2383,2519,2621,2421,2327,2419,2565
2297,2271,2438,2385,2392,2235,2312,2276
2316,2213,2484,2302,2371,2335,2391,2407
2292,2294,2367,2296,2211,2376,2394,2464
2372,2365,2308,2284,2261,2296,2425,2338
2329,2306,2298,2293,2335,2257,2395,2336
2319,2228,2342,2215,2325,2280,2417,2238
2306,2295,2285,2281,2317,2281,2414,2265
2353,2334,2354,2298,2291,2235,2414,2247
2434,2285,2353,2282,2384,2294,2427,2400
2380,2444,2334,2282,2361,2382,2490,2422
2345,2497,2322,2309,2289,2407,2478,2446
2509,2611,2357,2319,2476,2489,2664,2627
3236,3140,3118,3118,3250,3171,3235,3117
3435,3382,3472,3479,3482,3467,3445,3445
3182,3205,3249,3264,3264,3263,3245,3240
2429,2425,2492,2560,2363,2351,2451,2496
2387,2394,2380,2440,2303,2359,2371,2309
2442,2224,2302,2283,2336,2329,2314,2298
2353,2337,2301,2194,2250,2346,2409,2447
2358,2233,2206,2257,2246,2285,2302,2341
2306,2253,2292,2336,2309,2215,2400,2194
2320,2296,2261,2264,2310,2308,2314,2317
2191,2321,2319,2326,2291,2354,2361,2232
2305,2349,2364,2380,2308,2279,2405,2246
2305,2355,2335,2362,2395,2411,2414,2360
2243,2431,2414,2323,2422,2333,2459,2387
2260,2408,2425,2372,2412,2335,2369,2381
2407,2539,2326,2462,2285,2370,2564,2357
3277,3207,3245,3259,3256,3231,3267,3202
4214,4209,4208,4215,4206,4215,4204,4210
3985,3985,3990,4000,3988,3989,3972,3984
2749,2831,2931,3002,2921,2832,2691,2814
2533,2442,2447,2489,2478,2599,2675,2490
2495,2356,2374,2352,2372,2401,2448,2411
2310,2330,2298,2405,2369,2282,2411,2322
2368,2271,2319,2327,2336,2364,2326,2270
2384,2175,2364,2379,2303,2159,2254,2250
2266,2191,2258,2403,2318,2310,2248,2338
2246,2284,2333,2333,2310,2353,2310,2342
2345,2305,2324,2290,2318,2394,2375,2295
2410,2412,2325,2401,2294,2451,2422,2406
2426,2378,2415,2366,2507,2356,2579,2394
2471,2507,2630,2606,2605,2560,2435,2457
3000,2902,2824,2770,2773,2905,2967,2941
3999,3988,3982,3986,3978,3996,3989,3988
4480,4479,4478,4480,4480,4483,4480,4480
4250,4254,4260,4263,4259,4256,4250,4254
3002,3112,3215,3258,3182,3063,2980,3095
2812,2818,2667,2587,2750,2818,2845,2782
2568,2463,2557,2531,2416,2556,2604,2593
2402,2421,2468,2451,2394,2359,2379,2325
2425,2363,2329,2403,2312,2408,2492,2291
2324,2380,2375,2402,2329,2274,2342,2378
2374,2243,2202,2378,2343,2217,2385,2336
2408,2259,2372,2320,2288,2345,2333,2321
2416,2333,2358,2258,2433,2452,2352,2291
2470,2422,2407,2409,2498,2383,2424,2427
2518,2576,2519,2562,2583,2507,2593,2517
2653,2679,2793,2870,2850,2718,2559,2651
3249,3180,3070,2949,3034,3210,3241,3225
4263,4256,4251,4250,4252,4263,4261,4258
4325,4330,4338,4335,4338,4341,4343,4334
4097,4106,4116,4117,4117,4113,4118,4108
2891,2965,3064,3107,3025,2928,2934,2954
2623,2710,2651,2551,2663,2635,2630,2669
2552,2347,2443,2421,2444,2459,2476,2430
2375,2362,2428,2424,2347,2380,2362,2350
2378,2330,2402,2299,2234,2328,2470,2263
2373,2433,2358,2333,2185,2425,2443,2233
2331,2406,2318,2268,2181,2313,2405,2194
2353,2349,2359,2269,2353,2321,2399,2247
2389,2286,2354,2177,2479,2342,2399,2251
2414,2394,2425,2333,2447,2348,2440,2373
2427,2554,2421,2442,2417,2486,2409,2512
2591,2588,2667,2718,2723,2571,2532,2545
3092,3059,2907,2820,2865,3062,3105,3109
4110,4110,4110,4104,4109,4121,4125,4116
3729,3672,3714,3765,3697,3650,3760,3662
3498,3433,3496,3560,3489,3422,3559,3451
2390,2471,2610,2613,2636,2532,2674,2635
2408,2338,2374,2396,2386,2335,2389,2389
2457,2330,2220,2354,2379,2380,2318,2308
2378,2259,2319,2313,2388,2352,2403,2278
2340,2329,2328,2375,2323,2384,2432,2345
2327,2354,2350,2326,2243,2398,2240,2181
2314,2436,2251,2362,2267,2337,2370,2298
2355,2476,2319,2291,2383,2320,2336,2262
2325,2451,2378,2212,2359,2267,2399,2379
2342,2445,2450,2164,2348,2339,2419,2423
2265,2437,2501,2322,2265,2399,2375,2441
2539,2572,2607,2456,2417,2477,2502,2573
2746,2772,2759,2602,2652,2640,2755,2840
3507,3475,3489,3527,3479,3442,3518,3445
3815,3796,3785,3788,3763,3784,3781,3779
3578,3576,3571,3570,3544,3551,3536,3575
2457,2611,2575,2688,2615,2526,2594,2627
2400,2360,2328,2491,2308,2353,2469,2443
2400,2399,2306,2462,2281,2326,2385,2336
2289,2323,2375,2377,2309,2317,2390,2361
2339,2286,2336,2297,2328,2375,2434,2323
2259,2161,2171,2379,2276,2313,2334,2210
2266,2274,2226,2318,2328,2265,2336,2270
2334,2483,2376,2282,2293,2232,2410,2272
2293,2533,2429,2316,2349,2364,2463,2343
2467,2445,2597,2430,2428,2583,2457,2532
2383,2481,2704,2504,2333,2615,2550,2672
2689,2662,2790,2612,2425,2659,2734,2826
2786,2839,2937,2586,2788,2780,2879,2963
3608,3579,3555,3559,3501,3575,3575,3544
3910,3891,3854,3881,3860,3874,3890,3876
3680,3678,3628,3657,3646,3648,3665,3655
2574,2813,2556,2741,2671,2635,2660,2605
2490,2267,2427,2463,2350,2462,2494,2375
2440,2299,2390,2447,2287,2241,2346,2322
2372,2319,2331,2424,2362,2336,2375,2379
2285,2257,2233,2413,2342,2327,2479,2331
2182,2168,2213,2351,2199,2309,2346,2142
2164,2354,2280,2250,2294,2125,2433,2350
2273,2473,2346,2286,2263,2228,2394,2327
2321,2400,2423,2326,2383,2384,2370,2124
2400,2362,2528,2371,2389,2541,2475,2444
2357,2480,2590,2424,2317,2527,2592,2669
2572,2573,2707,2492,2440,2561,2709,2736
2758,2746,2763,2701,2669,2845,2894,2914
3690,3658,3628,3667,3621,3644,3676,3655
3955,3946,3939,3945,3935,3943,3954,3958
3718,3728,3717,3726,3722,3705,3727,3742
2640,2794,2602,2700,2746,2604,2647,2762
2435,2257,2397,2319,2435,2411,2424,2450
2463,2310,2421,2332,2269,2363,2332,2291
2424,2331,2315,2247,2379,2398,2385,2368
2329,2247,2260,2360,2287,2355,2469,2161
2182,2212,2269,2295,2195,2272,2385,2250
2228,2355,2282,2242,2309,2192,2391,2311
2210,2295,2308,2212,2358,2189,2387,2282
2321,2202,2312,2257,2384,2388,2346,2335
2339,2262,2393,2233,2274,2398,2352,2335
2304,2455,2477,2440,2355,2385,2436,2469
2482,2393,2590,2444,2534,2390,2578,2577
2689,2521,2476,2672,2713,2926,2763,2723
3749,3714,3710,3714,3713,3744,3726,3727
3860,3861,3856,3866,3853,3874,3870,3867
3626,3631,3636,3641,3632,3648,3645,3650
2458,2497,2574,2540,2657,2620,2574,2648
2400,2409,2443,2421,2382,2372,2419,2408
2378,2294,2382,2282,2383,2308,2322,2292
2378,2275,2355,2275,2333,2418,2381,2298
2315,2249,2267,2261,2176,2398,2432,2206
2214,2266,2311,2229,2259,2360,2443,2327
2231,2342,2431,2095,2334,2250,2278,2342
2321,2355,2368,2159,2381,2300,2343,2335
2368,2286,2283,2305,2326,2430,2356,2376
2443,2174,2316,2358,2256,2403,2429,2338
2312,2384,2424,2418,2294,2368,2448,2270
2274,2420,2519,2433,2488,2302,2429,2471
2647,2582,2487,2547,2635,2794,2607,2587
3644,3637,3620,3638,3632,3665,3647,3631
3678,3675,3660,3682,3672,3694,3693,3693
3447,3424,3449,3468,3467,3482,3459,3476
2425,2474,2691,2536,2683,2504,2449,2611
2341,2387,2485,2391,2422,2384,2450,2552
2354,2317,2282,2341,2386,2342,2376,2308
2338,2349,2326,2276,2263,2292,2308,2274
2290,2259,2302,2246,2238,2279,2373,2316
2187,2274,2239,2329,2338,2291,2365,2313
2241,2125,2291,2278,2355,2380,2299,2290
2339,2349,2329,2146,2371,2356,2362,2247
2364,2330,2208,2261,2262,2393,2376,2323
2479,2283,2317,2387,2331,2376,2425,2310
2378,2314,2156,2369,2281,2415,2501,2342
2298,2360,2394,2334,2389,2302,2394,2464
2555,2685,2428,2531,2512,2636,2602,2425
3466,3476,3412,3462,3441,3477,3484,3452
3585,3549,3567,3570,3510,3584,3584,3578
3347,3316,3388,3338,3265,3350,3358,3382
2438,2459,2727,2396,2561,2446,2322,2584
2398,2395,2360,2327,2346,2355,2461,2430
2408,2300,2296,2393,2314,2367,2358,2319
2366,2310,2214,2379,2262,2324,2344,2317
2281,2281,2338,2337,2205,2200,2374,2294
2213,2435,2341,2317,2304,2359,2300,2160
2302,2429,2262,2372,2309,2355,2245,2298
2280,2362,2251,2284,2374,2401,2272,2235
2303,2339,2183,2238,2291,2350,2383,2300
2368,2287,2360,2342,2299,2304,2424,2293
2375,2277,2316,2373,2274,2331,2460,2329
2333,2361,2405,2267,2283,2275,2419,2430
2585,2603,2511,2361,2425,2519,2609,2519
3384,3338,3325,3341,3289,3387,3370,3323
3402,3332,3392,3361,3321,3394,3354,3346
3152,3114,3192,3125,3110,3138,3118,3153
2434,2407,2431,2405,2277,2419,2273,2333
2389,2315,2280,2380,2160,2311,2296,2319
2382,2288,2363,2340,2208,2368,2322,2329
2356,2260,2351,2257,2259,2376,2334,2310
2264,2233,2408,2365,2243,2310,2312,2207
2313,2340,2379,2301,2356,2377,2160,2263
2283,2296,2265,2375,2304,2319,2191,2281
2332,2302,2244,2286,2343,2385,2116,2313
2392,2253,2300,2305,2177,2336,2260,2276
2385,2282,2380,2254,2316,2244,2419,2446
2367,2197,2327,2335,2387,2235,2414,2414
2293,2343,2312,2283,2323,2316,2509,2439
2534,2384,2346,2304,2349,2426,2590,2560
3215,3116,3158,3136,3083,3202,3127,3098
3495,3437,3448,3485,3475,3476,3478,3492
3268,3214,3255,3270,3262,3261,3255,3271
2434,2504,2481,2387,2486,2416,2275,2450
2389,2357,2358,2418,2304,2329,2409,2472
2345,2421,2426,2297,2267,2257,2314,2319
2333,2217,2416,2385,2254,2331,2333,2325
2318,2350,2367,2386,2199,2324,2245,2187
2353,2355,2255,2369,2259,2315,2255,2302
2230,2300,2251,2356,2322,2310,2284,2317
2307,2289,2251,2383,2297,2365,2291,2313
2387,2282,2338,2391,2225,2294,2387,2208
2399,2306,2365,2312,2339,2289,2396,2346
2457,2321,2251,2293,2342,2375,2408,2304
2396,2425,2333,2410,2410,2448,2358,2371
2629,2507,2411,2285,2335,2415,2678,2453
3294,3241,3239,3269,3241,3255,3275,3275
3851,3864,3865,3868,3841,3850,3841,3872
3623,3653,3650,3646,3628,3628,3629,3636
2578,2656,2614,2662,2686,2549,2489,2527
2329,2380,2335,2344,2323,2346,2365,2372
2297,2285,2348,2321,2205,2227,2297,2278
2199,2307,2274,2412,2315,2305,2411,2409
2282,2319,2371,2369,2209,2426,2246,2299
2373,2386,2373,2313,2198,2318,2216,2243
2364,2453,2315,2358,2256,2327,2304,2312
2361,2319,2327,2416,2312,2386,2420,2202
2373,2298,2265,2358,2206,2235,2328,2349
2373,2264,2217,2313,2296,2218,2356,2350
2443,2393,2241,2315,2364,2266,2379,2255
2462,2362,2297,2444,2355,2417,2313,2371
2708,2659,2524,2328,2549,2663,2783,2685
3647,3635,3631,3639,3621,3629,3630,3657
4246,4248,4250,4247,4250,4245,4248,4244
4022,4024,4035,4033,4028,4020,4020,4021
2815,2903,3025,3053,2948,2792,2786,2910
2649,2600,2440,2440,2499,2638,2521,2541
2335,2403,2445,2472,2410,2396,2441,2413
2240,2254,2297,2382,2361,2309,2472,2373
2357,2265,2275,2429,2289,2388,2349,2311
2432,2296,2291,2339,2327,2346,2365,2335
2429,2416,2257,2248,2352,2349,2206,2322
2406,2325,2334,2331,2269,2375,2297,2259
2421,2300,2271,2349,2177,2351,2369,2322
2312,2296,2315,2372,2409,2415,2328,2327
2478,2428,2400,2429,2409,2413,2364,2441
2475,2518,2625,2637,2605,2458,2430,2518
2998,2964,2768,2686,2905,2993,3046,2965
4029,4028,4024,4016,4027,4028,4035,4026
4251,4251,4252,4249,4251,4249,4250,4249
4024,4029,4036,4035,4029,4019,4024,4026
2778,2933,3025,3053,2903,2708,2829,2947
2643,2622,2413,2448,2477,2663,2589,2596
2309,2434,2494,2495,2496,2310,2457,2433
2393,2384,2385,2385,2374,2478,2355,2304
2425,2366,2306,2394,2352,2391,2234,2186
2341,2363,2209,2331,2289,2448,2314,2310
2304,2341,2208,2295,2370,2311,2246,2311
2379,2294,2309,2279,2346,2323,2372,2289
2470,2396,2381,2337,2294,2371,2405,2324
2460,2385,2310,2410,2410,2473,2392,2248
2445,2450,2384,2384,2251,2471,2393,2375
2518,2507,2614,2663,2659,2506,2476,2607
3004,2955,2832,2694,2820,3000,3024,2980
4035,4029,4027,4018,4026,4032,4033,4030
4153,4152,4156,4153,4157,4157,4157,4156
3925,3927,3942,3937,3942,3935,3927,3929
2650,2884,2922,2946,2956,2827,2712,2702
2599,2550,2356,2414,2447,2497,2558,2633
2330,2475,2504,2356,2347,2406,2429,2280
2442,2415,2294,2424,2324,2473,2192,2381
2405,2388,2377,2403,2321,2430,2289,2371
2393,2341,2406,2337,2305,2452,2366,2364
2365,2224,2346,2342,2290,2386,2319,2331
2366,2331,2384,2233,2350,2299,2386,2340
2441,2394,2459,2354,2333,2251,2421,2346
2403,2341,2293,2328,2267,2420,2375,2286
2437,2439,2384,2375,2417,2403,2320,2396
2389,2455,2515,2609,2604,2564,2440,2645
2956,2855,2778,2602,2786,2904,2988,2951
3938,3932,3929,3925,3929,3938,3945,3938
4165,4162,4166,4166,4167,4165,4169,4165
3930,3936,3957,3949,3951,3938,3935,3944
2623,2890,3062,2989,2950,2742,2624,2826
2679,2668,2477,2438,2560,2599,2583,2651
2383,2351,2385,2413,2336,2479,2456,2452
2433,2478,2301,2329,2394,2400,2334,2394
2317,2421,2336,2325,2366,2331,2442,2391
2373,2342,2444,2376,2299,2313,2422,2411
2343,2312,2364,2450,2355,2363,2432,2376
2357,2310,2412,2315,2378,2312,2321,2386
2381,2351,2387,2246,2310,2380,2451,2374
2436,2365,2355,2416,2385,2508,2446,2492
2460,2469,2487,2498,2542,2541,2514,2573
2485,2512,2580,2764,2496,2658,2472,2758
2970,2944,2904,2628,2840,2979,3092,2925
3950,3947,3935,3933,3934,3949,3962,3943
4153,4153,4151,4154,4154,4153,4154,4144
3916,3921,3939,3948,3936,3920,3916,3921
2472,2792,3046,3075,2952,2782,2468,2855
2676,2648,2564,2400,2515,2581,2566,2550
2482,2361,2369,2428,2410,2424,2421,2401
2417,2496,2264,2311,2474,2372,2376,2382
2420,2326,2248,2237,2387,2347,2405,2354
2382,2300,2278,2428,2364,2310,2366,2291
2357,2326,2423,2528,2300,2348,2446,2247
2353,2296,2387,2390,2285,2251,2280,2283
2356,2341,2368,2314,2323,2350,2416,2332
2397,2520,2597,2398,2392,2641,2500,2545
2508,2473,2681,2621,2461,2599,2632,2657
2626,2446,2875,2806,2464,2829,2593,2854
2904,3055,3007,2579,2851,3046,3042,2873
3939,3942,3920,3914,3921,3942,3947,3917
4069,4075,4070,4072,4069,4065,4065,4065
3835,3849,3858,3858,3852,3832,3826,3843
2509,2800,2929,2953,2874,2617,2448,2778
2564,2423,2435,2404,2411,2570,2523,2539
2467,2322,2330,2359,2430,2406,2392,2400
2361,2413,2332,2331,2371,2368,2437,2265
2385,2271,2252,2284,2339,2214,2341,2368
2276,2261,2204,2376,2297,2201,2328,2269
2244,2330,2268,2379,2374,2288,2401,2195
2376,2316,2326,2401,2377,2275,2297,2287
2405,2330,2344,2343,2284,2301,2334,2415
2411,2494,2523,2382,2377,2476,2420,2424
2380,2413,2616,2474,2467,2474,2524,2569
2422,2551,2712,2452,2573,2682,2518,2676
2840,2985,2873,2544,2692,2923,2960,2775
3857,3863,3847,3840,3833,3851,3858,3846
4087,4087,4095,4090,4086,4091,4088,4092
3858,3866,3883,3866,3863,3862,3857,3879
2681,2786,2886,2762,2761,2566,2620,2904
2459,2489,2426,2581,2472,2580,2524,2498
2392,2391,2480,2493,2428,2397,2431,2429
2381,2284,2369,2405,2332,2305,2401,2325
2321,2270,2345,2426,2260,2246,2390,2278
2266,2245,2195,2386,2323,2341,2221,2296
2267,2297,2329,2230,2411,2410,2303,2279
2264,2273,2341,2310,2307,2353,2299,2365
2352,2309,2392,2272,2208,2279,2394,2354
2376,2468,2423,2366,2459,2398,2468,2511
2487,2527,2565,2388,2506,2509,2543,2482
2408,2670,2533,2680,2520,2635,2512,2577
2889,2878,2882,2681,2626,2821,2909,2857
3872,3868,3866,3867,3854,3871,3875,3871
4017,4016,4022,4018,4014,4023,4014,4018
3788,3797,3810,3791,3794,3792,3782,3804
2666,2734,2794,2722,2737,2590,2623,2832
2443,2381,2395,2618,2367,2542,2339,2392
2483,2387,2383,2519,2369,2374,2444,2357
2334,2321,2331,2387,2347,2260,2408,2402
2277,2200,2338,2391,2222,2320,2380,2264
2227,2381,2282,2360,2311,2398,2311,2358
2173,2279,2256,2312,2357,2363,2260,2287
2356,2246,2345,2325,2344,2342,2341,2289
2311,2320,2383,2264,2287,2250,2433,2309
2365,2462,2427,2379,2429,2388,2465,2396
2442,2514,2538,2505,2460,2430,2500,2540
2442,2659,2602,2719,2429,2633,2512,2570
2860,2805,2825,2656,2572,2785,2898,2779
3806,3796,3787,3795,3779,3807,3804,3787
3779,3784,3784,3785,3784,3786,3783,3784
3551,3561,3578,3560,3571,3562,3549,3564
2541,2508,2677,2454,2609,2590,2527,2546
2278,2301,2325,2428,2372,2326,2346,2381
2384,2310,2334,2471,2300,2279,2356,2370
2311,2277,2380,2394,2274,2225,2334,2324
2382,2306,2406,2349,2263,2337,2293,2266
2361,2384,2358,2237,2190,2359,2343,2344
2176,2264,2345,2216,2283,2294,2287,2352
2292,2241,2360,2241,2321,2352,2149,2240
2324,2386,2254,2272,2343,2355,2253,2239
2316,2459,2367,2260,2403,2420,2384,2353
2390,2434,2455,2429,2281,2421,2351,2497
2436,2427,2534,2524,2383,2449,2401,2450
2603,2663,2689,2662,2538,2648,2783,2573
3571,3568,3547,3557,3546,3569,3581,3560
3799,3800,3802,3793,3804,3789,3798,3790
3569,3569,3598,3561,3596,3566,3570,3576
2456,2492,2616,2406,2691,2523,2509,2555
2345,2222,2358,2362,2476,2413,2394,2437
2312,2413,2253,2401,2328,2396,2428,2396
2342,2383,2339,2418,2269,2272,2326,2357
2372,2399,2363,2325,2213,2308,2339,2288
2317,2345,2273,2315,2234,2286,2292,2265
2335,2227,2304,2243,2373,2221,2250,2338
2383,2218,2208,2365,2312,2315,2213,2310
2324,2418,2320,2351,2389,2354,2262,2234
2235,2427,2306,2187,2317,2348,2300,2337
2307,2335,2303,2350,2327,2332,2308,2383
2305,2321,2319,2445,2261,2391,2395,2465
2633,2632,2476,2667,2584,2495,2597,2597
3589,3588,3558,3583,3579,3564,3586,3555
3811,3819,3810,3811,3813,3800,3820,3807
3586,3592,3596,3581,3607,3574,3589,3585
2460,2529,2464,2471,2701,2636,2471,2511
2415,2424,2417,2388,2410,2432,2386,2347
2382,2461,2261,2455,2385,2433,2335,2285
2309,2421,2324,2398,2292,2282,2251,2369
2382,2416,2404,2260,2173,2214,2283,2320
2264,2200,2421,2303,2317,2356,2314,2322
2454,2361,2265,2330,2331,2421,2407,2312
2432,2380,2298,2346,2325,2336,2294,2367
2366,2443,2330,2299,2298,2256,2213,2259
2199,2384,2283,2338,2209,2341,2243,2278
2315,2253,2410,2396,2337,2280,2304,2269
2336,2349,2408,2414,2399,2422,2414,2264
2569,2684,2481,2539,2418,2545,2769,2673
3591,3611,3573,3597,3577,3574,3612,3585
3590,3567,3571,3561,3568,3553,3564,3562
3361,3336,3363,3340,3362,3334,3331,3337
2428,2307,2502,2453,2580,2483,2422,2404
2315,2405,2349,2418,2182,2350,2311,2373
2295,2323,2335,2455,2316,2460,2312,2375
2187,2356,2222,2381,2202,2316,2234,2404
2326,2381,2377,2279,2242,2225,2265,2304
2271,2247,2431,2260,2330,2204,2396,2184
2443,2353,2202,2295,2420,2379,2417,2325
2358,2344,2243,2269,2323,2288,2298,2394
2323,2396,2198,2295,2225,2304,2325,2259
2338,2403,2266,2275,2311,2265,2422,2322
2304,2257,2384,2380,2262,2321,2294,2309
2372,2303,2388,2413,2358,2287,2351,2386
2521,2542,2496,2424,2362,2554,2606,2642
3367,3367,3345,3339,3330,3341,3353,3336
3724,3723,3728,3726,3712,3725,3714,3724
3503,3501,3508,3511,3497,3492,3482,3499
2479,2447,2630,2643,2619,2477,2311,2545
2241,2355,2389,2390,2287,2344,2409,2438
2180,2291,2396,2362,2314,2390,2232,2358
2306,2277,2345,2270,2257,2349,2218,2439
2302,2401,2314,2314,2270,2210,2347,2249
2243,2406,2388,2315,2311,2269,2413,2252
2406,2267,2290,2311,2378,2285,2326,2338
2401,2302,2184,2319,2339,2234,2330,2360
2375,2403,2293,2339,2231,2332,2379,2308
2300,2359,2309,2300,2314,2313,2328,2338
2366,2294,2339,2377,2134,2390,2303,2360
2351,2331,2374,2420,2266,2299,2318,2262
2532,2448,2472,2511,2432,2476,2497,2628
3506,3501,3503,3493,3487,3508,3495,3515
3753,3752,3759,3752,3751,3754,3746,3751
3523,3525,3543,3535,3536,3522,3513,3526
2494,2422,2684,2683,2597,2523,2288,2552
2349,2319,2460,2432,2390,2307,2409,2317
2231,2389,2357,2411,2420,2313,2256,2327
2380,2333,2323,2342,2424,2415,2387,2404
2292,2388,2286,2348,2223,2323,2469,2267
2331,2273,2285,2365,2251,2216,2463,2182
2454,2210,2354,2347,2322,2256,2412,2318
2385,2294,2320,2279,2234,2239,2329,2376
2315,2374,2229,2300,2285,2187,2337,2403
2312,2283,2267,2303,2353,2269,2352,2360
2383,2374,2340,2424,2321,2281,2354,2391
2385,2375,2315,2352,2334,2324,2300,2294
2548,2498,2476,2473,2512,2583,2542,2560
3534,3527,3526,3515,3522,3535,3528,3532
3562,3535,3560,3540,3552,3556,3533,3538
3326,3303,3363,3320,3342,3313,3300,3323
2385,2281,2593,2489,2449,2502,2341,2477
2396,2391,2403,2366,2339,2313,2366,2344
2376,2333,2315,2438,2376,2356,2375,2337
2376,2359,2221,2384,2403,2406,2367,2380
2262,2282,2329,2335,2306,2288,2365,2373
2303,2209,2307,2401,2234,2317,2392,2365
2437,2283,2367,2281,2378,2243,2394,2354
2381,2331,2339,2239,2380,2288,2397,2300
2449,2363,2366,2243,2338,2202,2413,2357
2353,2270,2324,2336,2341,2308,2419,2319
2349,2218,2287,2369,2356,2338,2443,2296
2302,2340,2417,2372,2310,2298,2347,2324
2537,2470,2428,2505,2489,2547,2344,2515
3363,3311,3315,3314,3330,3355,3313,3294
3267,3264,3306,3283,3275,3298,3245,3191
3036,3036,3108,3078,3086,3074,2998,3042
2335,2286,2433,2509,2321,2446,2314,2453
2316,2364,2537,2411,2336,2380,2330,2396
2402,2450,2393,2446,2326,2428,2288,2363
2396,2321,2169,2345,2298,2357,2231,2322
2271,2306,2269,2408,2271,2263,2348,2327
2407,2320,2290,2322,2348,2373,2325,2353
2405,2316,2246,2355,2363,2350,2350,2288
2351,2363,2291,2287,2426,2214,2393,2280
2465,2382,2344,2280,2317,2328,2430,2275
2410,2409,2332,2313,2313,2396,2420,2268
2370,2274,2418,2358,2427,2293,2445,2221
2360,2405,2446,2276,2386,2348,2393,2163
2416,2486,2292,2408,2434,2552,2451,2327
3087,3048,3057,3065,3047,3088,3041,3011
3436,3450,3436,3428,3438,3444,3439,3459
3203,3210,3222,3186,3243,3227,3193,3267
2341,2312,2576,2413,2396,2352,2325,2519
2374,2264,2482,2369,2365,2327,2302,2392
2406,2406,2411,2403,2313,2360,2300,2368
2377,2349,2372,2395,2266,2365,2336,2291
2269,2333,2313,2415,2213,2306,2414,2197
2344,2323,2315,2242,2274,2332,2334,2218
2263,2201,2379,2257,2361,2325,2410,2194
2318,2391,2375,2321,2486,2228,2409,2295
2445,2309,2266,2350,2384,2388,2405,2313
2473,2172,2318,2339,2421,2434,2419,2257
2371,2296,2332,2336,2409,2251,2371,2239
2342,2394,2381,2251,2401,2329,2434,2249
2553,2502,2400,2523,2505,2470,2467,2376
3244,3240,3186,3223,3198,3225,3227,3212
3458,3461,3470,3470,3469,3458,3463,3470
3226,3230,3242,3241,3260,3246,3233,3246
2312,2354,2351,2431,2468,2417,2318,2354
2347,2359,2163,2354,2369,2309,2259,2376
2350,2299,2207,2346,2408,2287,2362,2354
2374,2199,2190,2334,2388,2325,2289,2406
2317,2280,2309,2331,2259,2329,2319,2344
2289,2301,2318,2261,2268,2281,2334,2269
2246,2245,2432,2290,2214,2366,2387,2159
2307,2333,2415,2374,2392,2313,2357,2222
2393,2323,2348,2348,2413,2327,2419,2234
2330,2308,2379,2250,2434,2379,2322,2371
2254,2302,2302,2294,2388,2178,2210,2402
2332,2367,2166,2312,2387,2304,2364,2321
2401,2374,2398,2418,2396,2481,2470,2463
3250,3235,3235,3256,3252,3229,3255,3233
3392,3405,3461,3424,3454,3416,3425,3405
3154,3191,3236,3217,3241,3200,3199,3182
2321,2380,2400,2435,2275,2320,2311,2166
2416,2283,2359,2405,2337,2270,2306,2335
2438,2154,2326,2381,2385,2277,2321,2294
2310,2248,2222,2394,2336,2246,2423,2338
2382,2297,2317,2333,2294,2339,2330,2362
2317,2244,2307,2299,2380,2340,2350,2334
2337,2321,2325,2318,2340,2384,2339,2285
2271,2273,2298,2315,2248,2350,2312,2282
2351,2351,2248,2346,2288,2216,2365,2412
2382,2358,2263,2261,2254,2185,2351,2352
2416,2306,2280,2264,2276,2340,2225,2402
2442,2395,2257,2318,2289,2380,2296,2300
2356,2280,2398,2419,2342,2454,2505,2466
3186,3164,3225,3181,3239,3195,3221,3208
3338,3301,3399,3360,3365,3330,3316,3301
3101,3060,3198,3138,3147,3094,3115,3082
2413,2298,2549,2369,2445,2366,2438,2297
2414,2289,2455,2409,2250,2292,2286,2292
2406,2263,2403,2418,2231,2251,2340,2330
2389,2305,2282,2340,2280,2287,2338,2231
2377,2350,2350,2321,2282,2392,2287,2205
2374,2231,2308,2211,2327,2383,2318,2245
2373,2336,2324,2210,2321,2281,2294,2210
2342,2395,2314,2295,2297,2374,2233,2353
2326,2396,2259,2305,2259,2281,2291,2354
2370,2325,2206,2312,2231,2293,2375,2280
2347,2280,2299,2276,2299,2384,2240,2236
2265,2441,2262,2327,2277,2300,2296,2199
2402,2379,2458,2392,2437,2444,2327,2447
3142,3092,3136,3150,3138,3119,3078,3067
3379,3355,3484,3551,3339,3468,3439,3421
3119,3120,3282,3341,3161,3239,3236,3218
2410,2281,2536,2478,2598,2388,2494,2460
2396,2292,2382,2408,2398,2350,2281,2251
2278,2357,2420,2361,2276,2286,2251,2161
2377,2300,2322,2354,2301,2304,2200,2257
2452,2328,2271,2240,2329,2339,2251,2207
2421,2302,2257,2269,2183,2359,2365,2149
2350,2283,2345,2324,2364,2319,2302,2189
2296,2412,2348,2407,2296,2346,2289,2287
2314,2445,2284,2329,2176,2368,2323,2206
2340,2354,2273,2318,2255,2263,2381,2323
2258,2385,2347,2366,2342,2303,2339,2235
2307,2416,2330,2418,2354,2101,2353,2319
2425,2420,2350,2437,2422,2399,2266,2463
3184,3167,3239,3316,3140,3241,3199,3185
3518,3647,3479,3778,3697,3675,3422,3612
3252,3384,3297,3583,3491,3403,3266,3393
2411,2331,2514,2667,2645,2383,2565,2581
2325,2323,2230,2397,2466,2399,2208,2484
2293,2263,2407,2369,2312,2377,2315,2324
2331,2341,2297,2354,2244,2305,2359,2342
2454,2393,2268,2300,2289,2385,2310,2330
2349,2357,2298,2234,2280,2331,2230,2282
2334,2300,2336,2394,2347,2291,2366,2280
2382,2368,2389,2345,2243,2267,2318,2222
2252,2477,2366,2259,2267,2291,2311,2195
2265,2439,2297,2347,2351,2375,2382,2294
2366,2390,2347,2243,2412,2298,2389,2453
2380,2367,2324,2304,2423,2260,2210,2382
2638,2577,2450,2327,2508,2633,2518,2480
3341,3456,3235,3528,3451,3492,3159,3396
3554,3755,3569,3806,3875,3790,3482,3777
3307,3495,3390,3599,3671,3524,3276,3548
2327,2424,2610,2676,2726,2448,2614,2613
2383,2255,2278,2324,2484,2368,2324,2524
2379,2329,2434,2381,2347,2319,2356,2467
2350,2358,2277,2312,2347,2302,2349,2347
2300,2396,2260,2290,2340,2395,2305,2359
2255,2362,2386,2369,2270,2285,2275,2389
2319,2345,2365,2326,2302,2311,2300,2409
2446,2366,2381,2305,2332,2365,2343,2275
2422,2367,2414,2191,2338,2216,2346,2304
2418,2387,2366,2255,2317,2355,2378,2295
2411,2301,2255,2347,2375,2353,2325,2435
2369,2451,2371,2300,2462,2261,2293,2421
2640,2652,2501,2445,2463,2748,2545,2664
3354,3562,3302,3568,3628,3608,3227,3564
3415,3586,3495,3695,3711,3692,3549,3725
3203,3334,3291,3481,3508,3446,3334,3498
2249,2317,2543,2534,2638,2411,2522,2530
2328,2318,2379,2339,2326,2317,2299,2503
2379,2406,2368,2308,2301,2228,2268,2464
2306,2362,2283,2233,2379,2350,2360,2409
2359,2314,2329,2380,2225,2331,2381,2368
2386,2282,2299,2316,2204,2367,2329,2370
2138,2257,2394,2120,2354,2357,2198,2428
2340,2299,2181,2230,2334,2353,2288,2317
2452,2344,2340,2257,2294,2222,2298,2334
2407,2302,2357,2163,2337,2231,2330,2380
2293,2202,2234,2204,2271,2335,2297,2388
2370,2436,2330,2342,2317,2353,2300,2366
2503,2454,2392,2530,2352,2671,2456,2652
3198,3383,3256,3456,3471,3486,3323,3512
3268,3332,3374,3491,3362,3478,3405,3546
3071,3092,3159,3278,3152,3250,3246,3340
2361,2267,2376,2432,2383,2374,2512,2504
2350,2283,2295,2395,2291,2281,2272,2432
2372,2379,2252,2344,2359,2303,2326,2329
2266,2355,2335,2351,2307,2317,2317,2412
2381,2245,2341,2295,2325,2331,2377,2331
2399,2144,2298,2254,2208,2436,2318,2412
2149,2213,2322,2258,2332,2365,2361,2373
2224,2354,2282,2270,2320,2319,2274,2369
2317,2397,2262,2286,2270,2283,2274,2380
2334,2231,2298,2174,2350,2338,2303,2481
2295,2217,2330,2355,2169,2257,2373,2432
2253,2276,2328,2314,2339,2324,2310,2344
2343,2340,2406,2427,2338,2451,2324,2511
3008,3137,3162,3255,3117,3270,3145,3297
3604,3631,3552,3594,3641,3561,3585,3618
3376,3408,3327,3366,3430,3338,3347,3404
2463,2432,2509,2229,2519,2376,2510,2606
2428,2401,2365,2458,2335,2221,2337,2385
2435,2316,2240,2297,2336,2298,2352,2420
2353,2307,2393,2345,2289,2240,2302,2211
2391,2266,2393,2331,2298,2251,2286,2335
2351,2304,2366,2266,2333,2322,2377,2297
2218,2297,2301,2325,2261,2325,2341,2321
2300,2355,2257,2332,2293,2325,2280,2279
2186,2335,2262,2249,2253,2223,2266,2319
2323,2303,2334,2258,2307,2408,2325,2448
2427,2337,2381,2265,2215,2333,2440,2457
2346,2319,2370,2291,2408,2434,2384,2307
2484,2488,2470,2460,2292,2412,2346,2319
3390,3414,3324,3372,3405,3313,3372,3384
3805,3843,3807,3830,3850,3814,3814,3824
3584,3622,3586,3608,3633,3590,3590,3604
2514,2593,2551,2483,2669,2408,2609,2573
2432,2379,2341,2452,2332,2313,2454,2337
2429,2416,2330,2354,2324,2282,2372,2408
2382,2397,2375,2309,2236,2288,2311,2329
2396,2300,2371,2264,2383,2214,2309,2328
2332,2313,2393,2309,2394,2279,2327,2326
2347,2406,2318,2344,2391,2421,2296,2344
2314,2325,2268,2315,2282,2404,2338,2372
2259,2321,2294,2279,2273,2388,2432,2357
2209,2379,2307,2245,2341,2410,2439,2340
2356,2426,2394,2333,2327,2379,2347,2444
2324,2316,2324,2317,2354,2452,2310,2284
2576,2674,2495,2533,2539,2577,2562,2492
3585,3622,3578,3612,3628,3591,3599,3597
3757,3769,3741,3764,3784,3750,3761,3763
3531,3549,3524,3540,3562,3528,3550,3544
2517,2583,2606,2531,2602,2414,2565,2462
2377,2454,2379,2481,2313,2431,2416,2391
2261,2395,2350,2376,2262,2272,2332,2222
2272,2399,2298,2361,2217,2228,2317,2210
2324,2220,2337,2218,2291,2353,2308,2196
2316,2226,2251,2211,2359,2373,2334,2281
2271,2402,2276,2300,2298,2396,2266,2233
2341,2349,2263,2373,2331,2431,2361,2336
2408,2358,2304,2261,2325,2332,2426,2399
2296,2265,2254,2335,2289,2270,2398,2337
2318,2420,2305,2379,2304,2340,2386,2299
2301,2413,2305,2360,2317,2427,2327,2275
2483,2584,2339,2484,2583,2502,2534,2482
3533,3544,3511,3543,3567,3520,3545,3542
3538,3492,3545,3537,3549,3540,3557,3577
3315,3258,3351,3315,3340,3304,3349,3363
2441,2459,2605,2420,2494,2412,2451,2494
2430,2374,2264,2411,2316,2367,2367,2372
2293,2344,2371,2352,2252,2211,2366,2269
2347,2338,2274,2409,2176,2282,2325,2333
2382,2288,2313,2316,2253,2379,2388,2302
2386,2307,2309,2275,2370,2353,2311,2357
2349,2385,2392,2356,2389,2341,2323,2406
2362,2402,2367,2431,2391,2367,2310,2386
2435,2336,2311,2328,2308,2297,2395,2392
2311,2268,2372,2398,2216,2432,2408,2307
2369,2373,2346,2428,2324,2369,2481,2433
2410,2456,2301,2387,2300,2352,2353,2449
2472,2402,2365,2465,2485,2455,2486,2435
3306,3275,3316,3313,3328,3344,3322,3346
3575,3548,3607,3549,3594,3614,3599,3573
3343,3315,3415,3325,3388,3381,3395,3356
2435,2373,2610,2394,2563,2426,2570,2563
2399,2413,2359,2319,2353,2265,2282,2461
2318,2333,2348,2278,2285,2202,2287,2350
2385,2241,2399,2371,2288,2346,2289,2361
2429,2241,2330,2328,2335,2179,2353,2377
2392,2309,2363,2292,2447,2320,2294,2247
2336,2312,2363,2254,2393,2279,2275,2463
2386,2406,2347,2383,2335,2354,2297,2473
2461,2360,2304,2363,2227,2344,2253,2394
2295,2351,2293,2385,2325,2440,2333,2408
2344,2303,2427,2387,2381,2425,2415,2436
2429,2375,2406,2420,2374,2421,2342,2486
2606,2451,2417,2486,2509,2551,2527,2520
3368,3328,3362,3329,3362,3404,3372,3348
3386,3456,3433,3379,3459,3482,3511,3408
3167,3230,3231,3176,3256,3240,3307,3184
2435,2450,2374,2340,2558,2385,2618,2464
2477,2364,2369,2313,2377,2243,2397,2484
2355,2317,2398,2356,2318,2231,2200,2372
2297,2232,2416,2348,2318,2328,2189,2417
2281,2314,2338,2397,2283,2297,2309,2226
2376,2300,2304,2386,2414,2188,2236,2309
2396,2287,2339,2325,2389,2335,2289,2444
2432,2407,2260,2404,2350,2331,2360,2420
2497,2334,2314,2392,2209,2319,2328,2189
2436,2326,2318,2329,2340,2309,2327,2369
2301,2268,2294,2331,2416,2378,2311,2440
2329,2252,2285,2343,2379,2444,2243,2429
2467,2384,2279,2445,2380,2534,2303,2406
3208,3231,3184,3142,3233,3280,3259,3186
3380,3371,3401,3419,3374,3459,3425,3415
3130,3158,3191,3190,3166,3230,3208,3206
2344,2373,2387,2392,2429,2366,2503,2523
2412,2312,2344,2295,2292,2307,2294,2320
2330,2285,2424,2305,2257,2344,2321,2473
2349,2222,2364,2355,2249,2333,2263,2455
2232,2296,2251,2292,2334,2315,2283,2300
2320,2321,2294,2310,2427,2302,2357,2385
2383,2282,2336,2397,2416,2334,2320,2403
2349,2347,2346,2459,2268,2349,2313,2387
2349,2345,2302,2464,2276,2367,2301,2304
2401,2385,2316,2438,2248,2327,2409,2302
2327,2417,2346,2396,2310,2413,2399,2293
2410,2314,2357,2342,2363,2441,2295,2444
2468,2403,2463,2445,2251,2442,2282,2452
3202,3162,3157,3179,3144,3235,3193,3187
3646,3683,3653,3668,3650,3690,3682,3662
3422,3439,3429,3448,3428,3471,3451,3428
2405,2361,2456,2501,2451,2382,2421,2544
2319,2427,2340,2346,2283,2396,2226,2339
2225,2334,2316,2348,2137,2405,2424,2343
2162,2259,2258,2364,2260,2407,2444,2313
2191,2320,2220,2236,2377,2279,2404,2342
2261,2270,2224,2298,2448,2297,2369,2375
2328,2121,2276,2305,2370,2300,2364,2276
2313,2331,2279,2391,2293,2290,2353,2330
2377,2402,2230,2430,2285,2412,2246,2290
2299,2370,2273,2408,2324,2379,2460,2286
2379,2369,2425,2486,2272,2308,2439,2199
2374,2204,2515,2414,2422,2455,2331,2408
2593,2559,2500,2489,2382,2500,2518,2507
3425,3471,3435,3434,3423,3468,3469,3446
3692,3719,3702,3700,3695,3706,3703,3699
3469,3480,3471,3487,3474,3488,3466,3462
2467,2401,2361,2546,2506,2523,2370,2503
2362,2472,2298,2373,2366,2275,2366,2388
2347,2422,2328,2378,2320,2347,2489,2300
2269,2338,2305,2361,2311,2373,2424,2344
2360,2332,2221,2326,2389,2252,2335,2318
2283,2387,2272,2325,2395,2297,2309,2340
2315,2316,2308,2260,2342,2365,2375,2345
2245,2300,2428,2242,2323,2319,2332,2202
2333,2309,2398,2392,2222,2401,2337,2188
2261,2286,2239,2392,2303,2331,2374,2253
2313,2227,2455,2501,2355,2370,2400,2308
2320,2201,2507,2353,2417,2424,2399,2352
2514,2611,2565,2524,2470,2368,2643,2602
3466,3509,3487,3467,3466,3476,3494,3493
3342,3341,3360,3316,3337,3354,3306,3372
3148,3117,3130,3074,3106,3145,3054,3156
2382,2423,2261,2360,2459,2433,2363,2365
2349,2297,2325,2330,2360,2294,2401,2336
2413,2347,2310,2275,2285,2330,2391,2378
2323,2227,2332,2263,2354,2294,2317,2358
2385,2246,2333,2312,2391,2281,2223,2226
2321,2395,2268,2277,2411,2288,2347,2381
2235,2318,2344,2348,2465,2372,2319,2416
2308,2193,2376,2306,2374,2308,2363,2354
2207,2331,2336,2382,2300,2351,2307,2296
2262,2303,2154,2441,2340,2392,2448,2338
2231,2246,2361,2395,2339,2313,2429,2345
2252,2236,2383,2368,2429,2300,2383,2356
2436,2483,2523,2467,2459,2376,2482,2530
3117,3156,3159,3103,3115,3113,3103,3193
3302,3270,3283,3278,3287,3288,3293,3319
3083,3051,3051,3046,3082,3065,3057,3068
2274,2397,2312,2330,2432,2372,2350,2379
2290,2288,2432,2267,2270,2296,2355,2320
2258,2193,2391,2305,2225,2327,2390,2337
2319,2093,2418,2335,2226,2284,2328,2343
2353,2238,2278,2286,2318,2316,2215,2228
2303,2332,2256,2260,2373,2274,2142,2399
2262,2354,2274,2322,2371,2382,2291,2428
2272,2313,2266,2370,2310,2229,2331,2335
2292,2417,2261,2361,2365,2385,2375,2271
2325,2361,2258,2365,2356,2382,2458,2355
2296,2258,2408,2274,2329,2253,2464,2343
2276,2323,2357,2325,2422,2235,2400,2325
2290,2368,2356,2482,2374,2413,2391,2518
3073,3048,3079,3088,3057,3044,3094,3101
3281,3219,3253,3238,3269,3288,3292,3277
3060,2979,3047,2995,3067,3049,3056,3054
2300,2351,2374,2250,2352,2235,2415,2396
2310,2298,2351,2342,2306,2341,2413,2408
2231,2120,2370,2218,2224,2295,2347,2370
2250,2206,2284,2283,2258,2289,2359,2347
2394,2304,2358,2240,2283,2263,2318,2308
2238,2279,2329,2295,2221,2160,2249,2284
2251,2353,2299,2308,2185,2289,2366,2370
2231,2311,2341,2268,2245,2241,2344,2328
2350,2331,2279,2245,2287,2330,2346,2207
2278,2293,2340,2279,2297,2365,2470,2386
2359,2320,2377,2237,2287,2324,2302,2393
2325,2406,2337,2312,2357,2248,2249,2364
2311,2439,2303,2406,2303,2357,2375,2457
3073,2997,3011,3016,3033,3073,3100,3065
3156,3109,3108,3168,3113,3108,3128,3120
2927,2910,2899,2934,2897,2860,2941,2894
2278,2332,2302,2235,2326,2190,2390,2290
2334,2336,2288,2125,2244,2315,2373,2312
2298,2291,2226,2318,2181,2255,2370,2395
2323,2299,2224,2308,2327,2271,2375,2359
2312,2398,2369,2173,2377,2304,2360,2229
2284,2332,2383,2238,2347,2194,2312,2312
2346,2377,2346,2304,2354,2316,2373,2152
2332,2339,2333,2268,2288,2303,2286,2203
2339,2345,2333,2315,2272,2208,2288,2323
2352,2341,2257,2309,2287,2336,2255,2287
2337,2319,2321,2380,2284,2386,2227,2441
2333,2365,2253,2390,2361,2339,2343,2440
2356,2344,2212,2304,2257,2283,2424,2356
2935,2882,2897,2960,2880,2899,2952,2891
3079,3103,3083,3087,3012,3128,3058,3100
2845,2878,2881,2858,2844,2883,2839,2879
2342,2383,2429,2414,2400,2299,2280,2372
2215,2321,2424,2350,2407,2244,2299,2325
2278,2290,2306,2232,2318,2290,2401,2358
2335,2340,2251,2303,2260,2403,2393,2318
2295,2383,2339,2348,2317,2363,2323,2251
2337,2304,2287,2365,2357,2315,2353,2304
2342,2318,2306,2360,2368,2378,2423,2309
2372,2326,2212,2269,2319,2271,2385,2290
2358,2412,2304,2345,2323,2374,2387,2243
2423,2348,2378,2427,2376,2408,2388,2255
2323,2339,2221,2416,2325,2343,2337,2325
2350,2202,2334,2406,2315,2402,2355,2332
2346,2325,2157,2349,2421,2371,2426,2307
2885,2867,2831,2845,2833,2917,2845,2866
3524,3541,3525,3531,3515,3528,3531,3527
3293,3322,3300,3304,3297,3296,3306,3295
2424,2456,2385,2342,2443,2345,2440,2403
2340,2327,2381,2372,2370,2340,2284,2429
2294,2324,2355,2336,2412,2359,2355,2286
2373,2312,2333,2340,2353,2413,2339,2350
2415,2297,2367,2351,2336,2377,2282,2386
2287,2263,2375,2400,2408,2295,2441,2270
2264,2250,2241,2339,2328,2339,2379,2351
2402,2347,2242,2355,2296,2342,2306,2302
2440,2335,2320,2332,2393,2318,2290,2238
2416,2306,2395,2337,2397,2389,2381,2226
2276,2272,2357,2376,2376,2346,2386,2237
2422,2316,2412,2419,2320,2382,2338,2302
2597,2436,2371,2366,2416,2374,2506,2454
3306,3316,3298,3293,3288,3309,3325,3313
4048,4052,4045,4047,4050,4051,4052,4052
3825,3834,3829,3826,3828,3827,3831,3831
2656,2783,2734,2735,2748,2638,2794,2692
2456,2414,2475,2419,2472,2398,2403,2450
2344,2310,2353,2324,2447,2318,2405,2346
2369,2219,2366,2362,2309,2396,2240,2298
2367,2313,2332,2327,2347,2358,2381,2356
2294,2264,2352,2363,2419,2348,2410,2328
2355,2260,2281,2401,2363,2356,2288,2315
2356,2343,2284,2355,2250,2344,2333,2320
2406,2334,2344,2342,2372,2299,2283,2305
2377,2274,2440,2404,2397,2362,2295,2339
2358,2247,2336,2357,2432,2262,2355,2300
2424,2483,2551,2560,2389,2440,2323,2331
2865,2739,2678,2477,2665,2761,2844,2868
3833,3830,3818,3820,3826,3833,3840,3837
4182,4186,4181,4180,4185,4186,4185,4185
3959,3964,3963,3958,3963,3962,3961,3963
2819,2901,2869,2864,2883,2831,2850,2854
2600,2494,2537,2497,2339,2547,2440,2532
2393,2249,2424,2299,2485,2308,2418,2375
2270,2419,2379,2323,2314,2357,2260,2219
2306,2343,2286,2406,2226,2305,2364,2354
2345,2282,2192,2247,2411,2321,2288,2277
2300,2282,2197,2270,2370,2327,2332,2298
2333,2287,2236,2411,2407,2358,2399,2285
2400,2453,2234,2419,2349,2299,2345,2335
2316,2389,2373,2539,2216,2291,2387,2274
2376,2331,2274,2392,2421,2265,2376,2343
2299,2548,2656,2626,2546,2548,2441,2401
2986,2885,2801,2594,2811,2931,2981,2959
3965,3962,3951,3948,3960,3966,3968,3967
4005,4011,4007,3999,4012,4010,4007,4009
3784,3788,3788,3780,3792,3789,3782,3790
2682,2732,2682,2702,2678,2733,2614,2738
2454,2365,2463,2367,2442,2423,2331,2534
2249,2393,2339,2415,2429,2290,2334,2333
2194,2402,2420,2378,2307,2331,2295,2209
2305,2371,2420,2404,2169,2398,2224,2350
2415,2305,2300,2308,2371,2397,2254,2301
2424,2232,2309,2357,2380,2361,2323,2392
2323,2239,2304,2422,2408,2320,2395,2380
2333,2415,2234,2393,2371,2370,2341,2385
2310,2348,2261,2329,2281,2302,2424,2161
2424,2330,2321,2305,2219,2349,2444,2301
2388,2369,2557,2421,2555,2493,2438,2406
2799,2753,2672,2551,2627,2781,2827,2776
3784,3790,3781,3766,3785,3791,3791,3790
3893,3897,3896,3892,3898,3898,3892,3893
3667,3673,3677,3670,3677,3669,3658,3673
2602,2639,2614,2561,2606,2588,2335,2643
2305,2319,2421,2362,2343,2315,2300,2521
2353,2316,2376,2331,2371,2278,2269,2377
2229,2307,2226,2329,2378,2242,2236,2121
2224,2390,2302,2282,2296,2301,2183,2279
2361,2283,2313,2317,2314,2356,2181,2389
2371,2240,2371,2323,2341,2383,2320,2354
2341,2241,2360,2371,2358,2297,2418,2368
2296,2233,2389,2328,2349,2273,2309,2260
2276,2284,2296,2321,2347,2366,2429,2193
2373,2309,2287,2378,2239,2314,2428,2336
2388,2365,2440,2406,2358,2378,2408,2362
2670,2680,2595,2456,2541,2764,2682,2605
3678,3677,3671,3661,3670,3684,3675,3671
3892,3888,3894,3892,3889,3893,3893,3889
3666,3669,3676,3673,3675,3662,3661,3669
2565,2643,2639,2614,2666,2442,2221,2610
2352,2424,2439,2433,2485,2419,2340,2477
2347,2393,2357,2310,2320,2278,2328,2337
2295,2345,2199,2321,2317,2207,2184,2267
2286,2333,2330,2348,2341,2225,2230,2367
2229,2358,2369,2376,2363,2217,2281,2387
2318,2324,2394,2316,2330,2246,2264,2281
2254,2328,2399,2180,2263,2280,2368,2374
2347,2307,2353,2271,2308,2271,2413,2350
2247,2419,2253,2332,2411,2312,2452,2275
2365,2382,2287,2402,2411,2270,2361,2335
2407,2384,2421,2300,2301,2356,2431,2418
2670,2668,2595,2458,2566,2739,2554,2575
3682,3669,3665,3666,3664,3680,3674,3665
3582,3586,3641,3610,3596,3595,3599,3601
3359,3383,3433,3390,3391,3380,3380,3388
2398,2528,2521,2413,2416,2400,2441,2533
2301,2378,2318,2407,2457,2364,2397,2329
2292,2428,2352,2349,2405,2154,2287,2396
2386,2374,2298,2324,2299,2153,2307,2332
2261,2313,2336,2357,2309,2310,2376,2367
2206,2242,2350,2316,2333,2402,2374,2331
2365,2269,2427,2418,2251,2333,2202,2254
2360,2262,2433,2401,2246,2353,2291,2366
2366,2367,2236,2285,2330,2259,2358,2403
2339,2314,2234,2301,2327,2328,2437,2304
2395,2257,2344,2350,2324,2371,2412,2342
2390,2286,2367,2344,2373,2386,2392,2420
2559,2563,2326,2279,2504,2551,2442,2453
3379,3378,3405,3384,3366,3378,3358,3384
3345,3364,3403,3342,3342,3301,3346,3347
3118,3157,3194,3138,3139,3057,3142,3113
2331,2370,2430,2367,2361,2359,2472,2364
2354,2292,2315,2410,2325,2263,2410,2248
2281,2451,2236,2420,2387,2315,2385,2427
2352,2379,2246,2279,2317,2374,2327,2412
2358,2294,2269,2316,2231,2332,2248,2360
2330,2290,2254,2260,2351,2349,2293,2268
2259,2218,2309,2298,2315,2418,2318,2256
2256,2193,2439,2406,2212,2353,2366,2305
2406,2288,2324,2430,2299,2295,2310,2333
2331,2323,2327,2345,2224,2412,2340,2293
2300,2267,2321,2350,2323,2457,2304,2412
2377,2283,2305,2364,2360,2409,2362,2481
2510,2365,2390,2380,2378,2480,2425,2434
3158,3136,3145,3109,3107,3096,3153,3117
3391,3386,3309,3374,3377,3360,3406,3395
3161,3169,3116,3148,3144,3130,3139,3181
2436,2373,2510,2298,2451,2361,2473,2379
2248,2368,2362,2321,2352,2255,2258,2291
2278,2403,2290,2387,2343,2313,2187,2302
2343,2321,2305,2320,2396,2349,2258,2287
2265,2223,2223,2376,2266,2322,2243,2284
2242,2262,2229,2407,2307,2387,2259,2267
2134,2187,2224,2331,2371,2306,2331,2434
2150,2312,2384,2330,2249,2366,2378,2377
2271,2291,2363,2318,2322,2352,2292,2255
2261,2292,2292,2349,2343,2388,2318,2195
2313,2277,2313,2361,2435,2448,2305,2178
2360,2319,2216,2514,2431,2380,2404,2359
2497,2411,2367,2449,2401,2306,2466,2421
3175,3130,3068,3133,3159,3163,3191,3186
3687,3679,3679,3689,3686,3687,3685,3690
3464,3453,3462,3472,3465,3463,3454,3470
2463,2399,2545,2478,2548,2455,2395,2535
2319,2246,2413,2316,2443,2382,2406,2301
2344,2365,2369,2352,2375,2384,2143,2193
2383,2294,2293,2226,2302,2328,2275,2319
2335,2256,2311,2338,2243,2330,2295,2282
2346,2338,2336,2455,2270,2352,2352,2321
2243,2345,2269,2428,2333,2243,2328,2379
2213,2341,2343,2375,2231,2268,2347,2334
2166,2352,2211,2344,2264,2272,2356,2355
2254,2322,2360,2338,2328,2327,2363,2351
2369,2391,2415,2401,2435,2398,2346,2289
2316,2313,2419,2450,2386,2366,2411,2275
2586,2511,2482,2403,2416,2417,2551,2482
3467,3461,3451,3458,3461,3471,3469,3473
3640,3648,3650,3649,3649,3648,3641,3647
3411,3418,3434,3431,3427,3425,3411,3428
2351,2374,2422,2459,2494,2380,2364,2449
2357,2316,2441,2279,2425,2310,2265,2254
2308,2295,2339,2209,2332,2334,2255,2206
2417,2352,2288,2226,2273,2301,2252,2289
2452,2257,2225,2310,2382,2310,2322,2152
2432,2339,2291,2388,2325,2207,2384,2214
2394,2348,2325,2282,2283,2176,2363,2292
2418,2411,2309,2232,2185,2171,2262,2303
2351,2363,2219,2259,2224,2186,2331,2306
2317,2407,2356,2274,2351,2120,2333,2325
2380,2368,2443,2329,2216,2334,2380,2248
2237,2315,2477,2382,2313,2321,2490,2292
2610,2492,2494,2362,2379,2415,2549,2395
3422,3432,3427,3418,3422,3425,3428,3425
3386,3377,3405,3388,3402,3383,3386,3400
3131,3150,3184,3155,3183,3156,3133,3170
2355,2362,2429,2461,2442,2348,2384,2307
2381,2310,2419,2226,2421,2337,2286,2297
2253,2266,2350,2142,2378,2279,2246,2283
2384,2219,2240,2270,2295,2337,2291,2283
2422,2134,2270,2224,2339,2318,2345,2168
2364,2286,2318,2253,2373,2253,2392,2181
2257,2336,2358,2303,2330,2250,2309,2372
2494,2392,2416,2299,2423,2307,2303,2363
2389,2209,2416,2286,2326,2207,2387,2352
2352,2304,2379,2315,2244,2188,2400,2327
2338,2393,2287,2302,2300,2246,2175,2299
2314,2258,2345,2285,2256,2257,2341,2293
2473,2481,2425,2341,2277,2423,2528,2348
3191,3155,3169,3169,3167,3165,3161,3184
3393,3431,3437,3449,3376,3416,3420,3427
3158,3206,3237,3197,3157,3174,3210,3218
2467,2340,2491,2443,2273,2385,2442,2455
2402,2356,2303,2225,2325,2415,2267,2299
2328,2442,2325,2261,2316,2117,2208,2355
2348,2258,2292,2310,2284,2264,2293,2359
2311,2285,2253,2294,2241,2277,2333,2276
2317,2339,2269,2197,2376,2291,2362,2351
2316,2301,2420,2220,2418,2266,2290,2369
2462,2324,2401,2291,2389,2284,2318,2352
2398,2269,2447,2324,2287,2298,2347,2409
2349,2257,2252,2337,2287,2284,2346,2372
2285,2344,2326,2289,2215,2334,2179,2398
2259,2287,2318,2292,2364,2303,2264,2301
2367,2394,2432,2364,2430,2499,2380,2252
3180,3209,3162,3237,3115,3233,3195,3177
3377,3377,3363,3326,3378,3307,3355,3333
3131,3155,3082,3104,3156,3094,3139,3117
2426,2417,2448,2400,2459,2308,2458,2428
2353,2366,2384,2265,2340,2411,2269,2269
2394,2382,2338,2292,2396,2204,2254,2164
2390,2324,2327,2348,2341,2232,2312,2271
2372,2311,2360,2335,2369,2296,2261,2302
2310,2292,2328,2264,2410,2287,2374,2398
2181,2324,2303,2188,2362,2318,2323,2287
2323,2266,2312,2248,2283,2330,2273,2304
2447,2285,2342,2303,2270,2323,2330,2322
2392,2300,2400,2347,2213,2291,2265,2304
2275,2399,2396,2324,2207,2297,2202,2267
2249,2475,2342,2313,2325,2359,2264,2243
2429,2465,2350,2356,2409,2430,2421,2245
3173,3162,3150,3095,3170,3109,3137,3106
3373,3361,3370,3318,3374,3368,3375,3338
3153,3136,3158,3099,3146,3167,3156,3157
2296,2425,2376,2405,2448,2225,2407,2456
2346,2339,2365,2272,2408,2182,2221,2318
2334,2285,2340,2390,2327,2282,2194,2360
2325,2294,2293,2404,2293,2250,2323,2357
2274,2293,2407,2334,2373,2177,2291,2341
2296,2179,2335,2278,2373,2264,2403,2391
2242,2214,2257,2175,2260,2293,2396,2261
2267,2321,2281,2308,2262,2301,2273,2291
2408,2424,2244,2290,2311,2331,2200,2361
2342,2442,2371,2279,2293,2326,2313,2262
2312,2420,2363,2329,2323,2426,2323,2290
2208,2432,2350,2370,2298,2461,2345,2214
2463,2482,2273,2239,2343,2386,2492,2436
3174,3164,3129,3069,3134,3146,3164,3149
3252,3209,3290,3238,3248,3236,3273,3265
3000,3020,3096,3021,3016,3001,3039,3047
2337,2429,2330,2303,2244,2314,2330,2352
2336,2266,2305,2357,2268,2246,2159,2274
2281,2241,2238,2374,2208,2277,2255,2357
2245,2283,2295,2336,2267,2129,2383,2303
2192,2387,2355,2298,2349,2210,2417,2230
2280,2236,2282,2265,2357,2225,2411,2336
2304,2257,2222,2399,2305,2323,2322,2334
2373,2332,2320,2413,2221,2342,2361,2337
2328,2382,2275,2336,2248,2357,2406,2340
2308,2360,2246,2351,2272,2246,2429,2287
2328,2318,2368,2422,2268,2364,2381,2262
2210,2356,2393,2365,2296,2392,2335,2289
2350,2400,2403,2333,2301,2350,2341,2358
3035,2989,3037,3041,3028,3013,3061,3029
3056,3129,3146,3113,3109,3098,3131,3112
2848,2887,2987,2907,2905,2860,2925,2890
2424,2359,2371,2306,2226,2363,2194,2273
2279,2336,2324,2294,2225,2322,2291,2115
2244,2283,2292,2291,2204,2293,2359,2198
2262,2312,2335,2294,2330,2319,2362,2312
2312,2296,2335,2253,2355,2337,2397,2244
2434,2298,2271,2211,2362,2344,2367,2331
2453,2359,2276,2432,2284,2391,2269,2365
2403,2413,2322,2485,2258,2301,2302,2401
2301,2367,2252,2369,2243,2326,2339,2347
2338,2305,2149,2323,2245,2229,2414,2295
2347,2305,2369,2408,2299,2368,2392,2248
2297,2303,2441,2429,2290,2315,2310,2294
2385,2250,2461,2424,2296,2270,2363,2296
2867,2923,2902,2922,2868,2886,2895,2878
3250,3258,3209,3204,3215,3191,3250,3222
3005,3024,3013,2967,2983,2973,3040,2969
2451,2393,2395,2397,2194,2365,2408,2347
2375,2363,2334,2277,2266,2326,2241,2253
2328,2283,2332,2263,2160,2300,2267,2242
2241,2295,2306,2233,2229,2315,2369,2326
2416,2299,2300,2283,2306,2228,2303,2367
2402,2356,2228,2228,2294,2266,2340,2354
2430,2308,2330,2414,2302,2371,2323,2331
2269,2323,2432,2371,2253,2318,2337,2358
2355,2330,2372,2194,2433,2366,2356,2340
2405,2279,2298,2391,2385,2337,2359,2184
2297,2298,2302,2413,2295,2401,2372,2205
2200,2248,2352,2393,2223,2347,2347,2298
2348,2345,2379,2456,2195,2297,2358,2295
3020,3057,2926,2983,2988,2938,3042,3012
3435,3433,3412,3432,3392,3422,3431,3439
3235,3214,3207,3194,3156,3220,3215,3206
2409,2332,2454,2372,2260,2417,2421,2311
2364,2406,2329,2318,2371,2392,2325,2274
2354,2372,2416,2286,2271,2246,2385,2244
2229,2301,2370,2338,2179,2236,2379,2389
2301,2319,2256,2320,2253,2270,2343,2383
2327,2360,2201,2359,2255,2254,2362,2365
2315,2392,2385,2367,2272,2221,2393,2320
2386,2305,2420,2320,2232,2277,2316,2256
2474,2360,2361,2309,2384,2188,2326,2291
2454,2305,2156,2388,2400,2284,2348,2195
2381,2338,2246,2348,2246,2302,2390,2269
2340,2289,2221,2299,2263,2284,2306,2358
2378,2380,2259,2346,2292,2316,2408,2473
3192,3218,3164,3215,3168,3169,3210,3230
3296,3300,3266,3298,3261,3341,3300,3351
3125,3093,3069,3077,3026,3147,3079,3145
2368,2338,2359,2376,2407,2502,2282,2345
2326,2372,2267,2310,2356,2428,2266,2284
2313,2335,2355,2243,2281,2402,2404,2420
2264,2325,2375,2327,2218,2392,2408,2392
2398,2343,2283,2360,2242,2299,2332,2297
2351,2420,2324,2255,2279,2298,2410,2278
2303,2400,2303,2334,2302,2288,2472,2275
2385,2292,2349,2366,2238,2220,2434,2305
2396,2342,2339,2334,2243,2112,2324,2244
2367,2359,2172,2353,2193,2259,2373,2251
2367,2323,2156,2360,2212,2305,2366,2180
2382,2258,2257,2264,2310,2278,2250,2349
2459,2399,2280,2397,2392,2391,2438,2368
3085,3075,3084,3083,3044,3102,3097,3137
3209,3192,3178,3203,3212,3218,3159,3149
3004,2969,2984,3003,3008,3008,2889,2909
2338,2411,2357,2518,2395,2498,2272,2407
2321,2282,2294,2442,2355,2408,2386,2325
2357,2248,2321,2256,2314,2330,2368,2384
2345,2233,2382,2324,2331,2395,2273,2369
2285,2270,2302,2323,2316,2326,2321,2294
2339,2315,2317,2237,2317,2362,2400,2358
2216,2264,2257,2260,2325,2315,2427,2378
2300,2302,2343,2351,2315,2253,2399,2435
2268,2394,2308,2312,2231,2258,2324,2276
2383,2395,2283,2226,2158,2399,2396,2250
2359,2382,2302,2349,2206,2419,2396,2225
2318,2273,2300,2244,2250,2291,2404,2387
2428,2326,2265,2383,2307,2431,2405,2313
2984,2958,2929,2954,2995,2999,2965,2944
3293,3284,3265,3251,3309,3266,3270,3261
3055,3054,3041,3050,3111,3058,3043,3012
2323,2236,2232,2483,2478,2362,2341,2464
2312,2245,2306,2409,2387,2310,2311,2368
2398,2320,2413,2306,2287,2347,2322,2277
2354,2278,2399,2234,2247,2423,2306,2336
2228,2191,2340,2343,2374,2358,2296,2359
2273,2188,2261,2306,2402,2390,2334,2347
2223,2215,2382,2273,2313,2335,2323,2440
2209,2308,2412,2303,2356,2232,2398,2418
2253,2362,2367,2320,2376,2311,2372,2329
2320,2313,2346,2219,2362,2343,2305,2287
2345,2310,2358,2328,2235,2312,2387,2263
2325,2323,2234,2352,2288,2266,2402,2388
2295,2342,2377,2313,2265,2345,2319,2346
3073,3074,3031,3025,3088,3027,3032,3020
3139,3242,3231,3196,3238,3211,3249,3204
2931,3007,3013,2991,3039,2962,3032,2988
2415,2155,2293,2299,2391,2253,2247,2393
2314,2322,2305,2410,2342,2240,2274,2368
2397,2324,2360,2345,2316,2307,2361,2201
2392,2367,2333,2198,2300,2328,2324,2311
2263,2268,2234,2383,2324,2305,2322,2343
2165,2204,2287,2369,2423,2368,2344,2294
2256,2236,2322,2304,2355,2236,2285,2391
2321,2184,2271,2352,2364,2246,2312,2349
2242,2197,2291,2379,2337,2342,2359,2303
2326,2340,2184,2313,2367,2308,2348,2387
2318,2325,2377,2399,2375,2317,2382,2367
2271,2310,2260,2303,2338,2269,2374,2392
2340,2360,2336,2204,2260,2425,2233,2397
2969,3040,3015,2954,3028,2990,3017,2973
3035,3083,3019,3071,3089,3036,3076,3080
2756,2839,2821,2867,2894,2807,2883,2858
2321,2294,2303,2301,2286,2233,2318,2315
2304,2229,2351,2403,2305,2296,2343,2264
2342,2263,2303,2380,2316,2308,2340,2321
2385,2339,2243,2186,2289,2191,2305,2236
2317,2251,2318,2227,2280,2240,2173,2261
2280,2224,2307,2325,2362,2336,2357,2360
2342,2243,2197,2378,2347,2245,2280,2412
2317,2249,2294,2352,2286,2284,2261,2284
2303,2251,2235,2315,2150,2390,2235,2239
2157,2292,2314,2373,2282,2285,2380,2276
2337,2327,2334,2341,2288,2289,2377,2284
2380,2174,2375,2317,2175,2305,2300,2316
2259,2314,2341,2294,2399,2348,2229,2384
2821,2893,2800,2839,2890,2850,2835,2861
3021,3020,2976,3023,2988,2989,2961,3040
2792,2748,2776,2798,2806,2785,2756,2825
2311,2285,2428,2266,2326,2264,2209,2407
2266,2233,2362,2368,2313,2309,2338,2351
2331,2186,2282,2401,2326,2318,2175,2313
2440,2235,2265,2375,2271,2290,2254,2324
2426,2324,2369,2308,2311,2330,2171,2323
2377,2283,2316,2275,2346,2282,2187,2316
2338,2136,2294,2209,2241,2169,2211,2360
2326,2240,2316,2249,2195,2331,2184,2347
2325,2248,2315,2266,2138,2264,2238,2394
2230,2281,2329,2287,2313,2158,2339,2412
2294,2263,2337,2335,2267,2202,2403,2269
2302,2281,2325,2251,2155,2239,2254,2315
2289,2298,2397,2271,2254,2352,2265,2416
2792,2839,2801,2780,2761,2697,2762,2866
3007,2998,3060,2983,3021,3027,3046,3056
2792,2757,2900,2797,2830,2816,2794,2859
2339,2229,2415,2335,2309,2304,2138,2368
2284,2234,2276,2378,2263,2314,2264,2362
2313,2225,2294,2392,2251,2297,2190,2340
2435,2259,2225,2382,2244,2335,2265,2257
2294,2335,2297,2263,2171,2359,2227,2327
2287,2352,2313,2285,2207,2275,2284,2161
2296,2284,2285,2267,2177,2262,2181,2241
2324,2273,2259,2211,2104,2372,2257,2247
2327,2169,2167,2243,2229,2282,2256,2300
2228,2194,2245,2222,2269,2265,2337,2351
2197,2283,2319,2115,2253,2275,2335,2360
2174,2342,2257,2232,2273,2256,2324,2410
2326,2326,2282,2253,2233,2328,2315,2383
2794,2818,2839,2708,2789,2793,2838,2864
3011,2981,2967,3047,3041,2968,3029,3096
2783,2752,2807,2870,2859,2737,2792,2899
2368,2332,2317,2279,2162,2254,2274,2472
2351,2363,2214,2325,2243,2300,2214,2362
2303,2166,2255,2287,2230,2283,2232,2333
2371,2238,2174,2168,2234,2234,2207,2266
2203,2309,2194,2229,2184,2278,2279,2240
2219,2249,2288,2277,2194,2279,2343,2178
2266,2222,2258,2172,2180,2330,2271,2254
2304,2250,2201,2182,2155,2358,2306,2232
2270,2192,2149,2207,2211,2260,2330,2285
2233,2313,2207,2230,2241,2276,2304,2136
2191,2326,2266,2145,2222,2292,2362,2307
2093,2315,2284,2238,2179,2233,2318,2342
2241,2339,2183,2224,2207,2302,2349,2358
2815,2759,2734,2807,2817,2755,2842,2895
2982,3016,2922,2978,2999,2980,2916,3029
2798,2827,2665,2790,2777,2762,2724,2831
2439,2272,2263,2287,2164,2281,2205,2326
2330,2359,2140,2264,2326,2273,2236,2342
2220,2312,2232,2223,2371,2188,2184,2344
2259,2289,2219,2217,2278,2261,2150,2216
2233,2299,2248,2225,2331,2241,2141,2238
2239,2249,2218,2214,2296,2317,2189,2200
2143,2220,2211,2234,2170,2209,2247,2249
2218,2185,2186,2272,2236,2276,2284,2330
2267,2299,2297,2322,2205,2221,2202,2359
2250,2311,2221,2213,2180,2240,2265,2246
2201,2273,2242,2338,2271,2266,2389,2221
2144,2321,2263,2356,2253,2307,2232,2372
2237,2244,2266,2244,2180,2289,2252,2306
2766,2768,2745,2807,2736,2783,2743,2843
2944,2971,2963,2996,2902,2987,3017,2945
2771,2731,2792,2744,2683,2742,2851,2735
2279,2252,2217,2287,2160,2279,2249,2295
2217,2289,2237,2296,2266,2244,2238,2285
2234,2334,2143,2216,2371,2268,2110,2261
2178,2206,2161,2204,2325,2289,2089,2211
2246,2129,2240,2267,2241,2305,2036,2320
2214,2207,2172,2255,2169,2247,2153,2226
2177,2195,2184,2163,2180,2185,2252,2165
2219,2288,2205,2277,2228,2211,2190,2255
2109,2316,2224,2238,2207,2165,2149,2311
2306,2201,2189,2207,2132,2209,2201,2278
2316,2183,2194,2284,2150,2155,2314,2250
2192,2244,2257,2305,2155,2233,2199,2273
2224,2167,2299,2274,2137,2211,2261,2236
2751,2757,2667,2792,2737,2804,2765,2771
2975,2974,3023,2969,2980,2958,2990,3001
2741,2738,2797,2750,2737,2699,2851,2776
2090,2247,2184,2190,2198,2236,2267,2172
2103,2142,2281,2192,2230,2201,2157,2182
2156,2272,2234,2162,2277,2196,2099,2183
2062,2280,2076,2122,2247,2228,2160,2297
2110,2194,2077,2180,2125,2255,2157,2311
2163,2155,2134,2184,2183,2190,2194,2227
2112,2169,2269,2120,2160,2198,2260,2225
2256,2261,2102,2198,2179,2144,2251,2057
2203,2270,2128,2222,2067,2158,2142,2159
2251,2240,2227,2209,2027,2197,2222,2171
2245,2148,2314,2107,2080,2089,2221,2202
2238,2187,2356,2143,2180,2135,2124,2138
2294,2223,2301,2308,2245,2074,2191,2201
2780,2784,2785,2789,2786,2762,2736,2798
3072,3212,2915,3000,3134,2989,3014,3273
2803,2961,2696,2773,2914,2748,2858,3041
2224,2006,2177,2207,2236,2121,2300,2159
2179,2089,2164,2095,2188,2040,2156,2154
2204,2129,2080,2105,2154,2244,2170,2146
2145,2232,1979,2114,2243,2203,2164,2186
2062,2147,1933,2060,2221,2090,2175,2209
2134,2068,2130,2129,2207,2041,2231,2201
2040,2042,2223,2111,2089,2177,2167,2185
2177,2217,2152,2135,2061,2170,2202,2107
2214,2288,2093,2124,1974,2137,2152,2153
2123,2123,2193,2097,2076,2029,2174,2249
2087,2121,2242,2122,2087,2185,2122,2179
2141,2185,2293,2174,2138,2170,2053,2207
2285,2329,2209,2210,2225,2159,2073,2246
2894,3014,2669,2764,2917,2825,2724,3065
3136,3251,3126,3148,3239,3124,3142,3346
2832,3014,2950,2909,3034,2882,2991,3107
2099,2143,2231,2142,2147,2150,2333,2181
2131,2115,2079,2179,2083,2116,2197,2126
2222,2067,2050,2218,2083,2101,2122,2184
2126,2060,1942,2077,2176,1965,2123,2167
2090,2063,2063,2103,2073,2063,2121,2176
2176,2030,2036,2073,2073,2059,2164,2125
2147,2085,2098,2169,2057,2074,2108,2091
2112,2181,2147,1974,2073,2099,2091,2087
2131,2231,2020,2106,2007,2152,2083,2138
2131,2176,2086,2082,1995,2153,2185,2195
1998,2139,2108,2167,2071,2142,2115,2063
2114,2055,2148,2190,2082,2104,2104,2174
2240,2264,2171,2216,2221,2189,2156,2248
2974,3046,2870,2924,3015,2925,2870,3135
3095,3216,3125,3123,3157,3108,3160,3184
2827,2972,2933,2891,2950,2855,2983,2954
2008,2072,2170,2028,2116,2053,2148,2144
2021,2119,2133,1975,2167,2044,2054,2130
2004,2075,1998,2010,2048,2080,2007,2070
2089,2117,1988,2032,2109,1961,1987,2176
2135,2056,1993,2026,2057,2024,2000,2157
2075,1981,1905,1995,2098,2076,2079,1961
2072,2023,2085,2016,2091,1999,1960,2043
2123,2015,2063,2094,2027,1945,1910,2018
2093,2142,2047,1991,2049,2081,2095,2028
2097,2151,2154,2039,1936,2061,2170,2120
1984,2185,2143,2030,1968,2091,2118,2082
2095,2125,2109,2080,2063,2047,2080,2113
2205,2139,2104,2103,2058,2094,2153,2078
2921,3009,2861,2899,2930,2909,2916,2964
3140,3253,3102,3222,3058,3127,3077,3097
2910,3007,2887,3008,2841,2888,2867,2872
2093,2068,2126,2128,2001,2009,2056,2012
2083,2156,2053,1917,2042,1950,1950,2028
2013,2099,2099,1972,2045,2046,1998,2084
2011,1964,1965,2056,2043,2061,2007,2100
2075,2093,1979,2033,2031,2096,1948,2080
2102,1979,2006,1954,2055,2101,1979,1937
2049,1934,2040,2113,2057,2033,1890,1986
1966,2024,2048,2105,2049,2098,1892,2059
2102,2062,2029,1915,2088,2069,2063,2040
2031,2130,2208,1855,1999,1993,2154,2075
2001,2088,2211,1903,2037,2003,2034,2111
2091,2116,2072,1949,2053,1999,2077,2064
1959,2133,2009,2095,2045,2085,2078,2128
2923,3046,2877,3000,2838,2920,2866,2875
3385,3391,3376,3377,3317,3403,3395,3369
3156,3176,3155,3165,3116,3174,3178,3152
2012,2202,2217,2287,2204,2117,2175,2228
2094,2065,1975,2030,2120,1977,2012,2151
1962,2058,2050,2122,2069,2027,1965,2034
2056,1940,1943,2120,2059,1956,1984,2046
2111,1978,1968,2045,1917,2027,2025,1997
2001,1810,2065,2033,1940,2097,1981,1967
1995,1936,1942,2029,1895,2055,1975,2044
2005,1981,2061,2051,1992,2085,1998,1999
2062,1951,2007,2065,1974,2074,1991,1972
2059,2038,2086,2042,1869,1986,2003,2042
2048,1957,2070,2022,2015,1989,2008,2046
1967,2065,2086,2100,1956,2027,2042,1987
2246,2209,2153,2127,2170,2242,2206,2255
3166,3168,3158,3138,3108,3190,3175,3144
3453,3460,3453,3446,3460,3461,3455,3447
3229,3244,3235,3238,3239,3236,3232,3223
2059,2266,2183,2299,2200,2120,2100,2222
2095,1978,1984,2024,2017,1991,2049,1998
1972,2011,2015,2042,1990,2051,1922,1962
2004,2002,1932,2080,1955,1911,1943,2018
2035,1915,1874,2019,1938,1863,1948,1939
1984,1874,1900,1891,1974,2009,1942,1934
1953,1811,1960,1933,1977,1892,1902,1957
1921,2011,2076,1993,1983,1860,1902,2003
1962,1973,1963,1996,1932,2017,2012,1983
2045,2033,1965,2044,1920,1994,1924,2044
2119,1930,1950,2065,2023,1978,1982,2014
1995,2012,2078,1987,1914,1981,1974,2009
2295,2160,2166,2018,2135,2319,2210,2142
3231,3233,3231,3214,3237,3248,3232,3232